nonmarket_weight,market_weight,brier,log_loss,rows,races
0.05,0.95,0.13369066058487555,0.4192638578026541,3119,245
0.1,0.9,0.13371401319778053,0.41943498021128817,3119,245
0.0,1.0,0.13373223232454567,0.4193516180685042,3119,245
0.15000000000000002,0.85,0.13380229016326048,0.41983254439694434,3119,245
0.2,0.8,0.1339554914813155,0.4204354950052562,3119,245
0.25,0.75,0.13417361715194553,0.42122926231111163,3119,245
0.30000000000000004,0.7,0.13445666717515062,0.42220346258026586,3119,245
0.35000000000000003,0.6499999999999999,0.1348046415509307,0.4233506602384625,3119,245
0.4,0.6,0.13521754027928584,0.42466564251216404,3119,245
0.45,0.55,0.135695363360216,0.4261449728900353,3119,245
0.5,0.5,0.1362381107937212,0.42778671163750315,3119,245
0.55,0.44999999999999996,0.13684578257980146,0.4295902456706687,3119,245
0.6000000000000001,0.3999999999999999,0.13751837871845668,0.4315561970098562,3119,245
0.65,0.35,0.13825589920968695,0.43368639407183507,3119,245
0.7000000000000001,0.29999999999999993,0.1390583440534923,0.4359838998028037,3119,245
0.75,0.25,0.13992571324987266,0.4384530984515025,3119,245
0.8,0.19999999999999996,0.140858006798828,0.44109985091087617,3119,245
0.8500000000000001,0.1499999999999999,0.14185522470035844,0.44393173942436537,3119,245
0.9,0.09999999999999998,0.1429173669544639,0.4469584398832578,3119,245
0.9500000000000001,0.04999999999999993,0.14404443356114435,0.45019229168201197,3119,245
1.0,0.0,0.14523642452039986,0.453649199315599,3119,245
