horse_no,horse_name,draw_pct,sex,age,assigned_weight_kg,assigned_weight_delta_from_prev_kg,days_since_prev,distance_change_from_prev_m,surface_changed_from_prev,career_starts,career_top3,turf_starts,turf_top3,same_distance_starts,same_distance_top3,same_course_starts,same_course_top3,recent3_finish_pct_mean,recent3_top3_count,recent3_open_plus_count,recent3_graded_count,recent3_relative_time_mean,recent4_early_pos_pct_mean,front_forward_share,field_size,racecourse,surface,distance_m,course_layout,race_class,handicap_indicator
1,カルチャーデイ,0.000000,F,5,55.000000,-1.000000,42,-200,0,16,3,15,3,9,2,5,1,0.465033,0,3,0,0.005531,0.079300,0.333333,18,Kyoto,turf,1200,inner,Listed_open,1
2,ショウナンアビアス,0.058824,M,6,56.000000,-1.000000,21,0,1,35,17,4,1,0,0,0,0,0.406349,1,3,0,0.007424,0.451200,0.333333,18,Kyoto,turf,1200,inner,Listed_open,1
3,タマモイカロス,0.117647,M,3,55.000000,0.000000,27,0,0,11,7,11,7,8,6,1,1,0.431373,1,3,3,0.012962,0.606400,0.333333,18,Kyoto,turf,1200,inner,Listed_open,1
4,メイショウヨゾラ,0.176471,F,5,53.000000,-2.000000,27,0,0,17,7,17,7,3,2,2,0,0.111111,2,1,1,0.003488,0.166300,0.333333,18,Kyoto,turf,1200,inner,Listed_open,1
5,フィオライア,0.235294,F,5,55.000000,0.000000,55,0,0,19,8,19,8,18,8,3,1,0.768627,0,3,3,0.019072,0.409800,0.333333,18,Kyoto,turf,1200,inner,Listed_open,1
6,リリージョワ,0.294118,F,3,54.000000,2.000000,48,-400,0,5,3,5,3,0,0,2,2,0.484967,1,3,2,0.008032,0.220600,0.333333,18,Kyoto,turf,1200,inner,Listed_open,1
7,テーオーダヴィンチ,0.352941,M,8,54.000000,-1.000000,97,0,0,28,10,21,8,3,1,7,3,0.378151,1,0,0,0.005818,0.562500,0.333333,18,Kyoto,turf,1200,inner,Listed_open,1
8,レッドエヴァンス,0.411765,G,5,55.000000,0.000000,55,0,0,25,16,25,16,14,10,5,2,0.078431,3,1,1,0.004999,0.397000,0.333333,18,Kyoto,turf,1200,inner,Listed_open,1
9,タマモブラックタイ,0.470588,M,6,57.000000,0.000000,27,0,0,26,5,24,5,14,4,5,0,0.649673,0,3,2,0.011477,0.645100,0.333333,18,Kyoto,turf,1200,inner,Listed_open,1
10,ヒシアイラ,0.529412,M,3,55.000000,-2.000000,126,0,0,5,4,5,4,3,3,2,2,0.063889,3,2,1,0.000983,0.133300,0.333333,18,Kyoto,turf,1200,inner,Listed_open,1
11,オタルエバー,0.588235,M,7,56.000000,0.000000,90,0,0,26,10,25,10,18,5,5,1,0.677778,0,3,2,0.014338,0.409100,0.333333,18,Kyoto,turf,1200,inner,Listed_open,1
12,デイトナモード,0.647059,M,6,54.000000,-3.000000,42,-200,0,23,8,20,7,10,4,5,1,0.847059,0,3,0,0.016816,0.316700,0.333333,18,Kyoto,turf,1200,inner,Listed_open,1
13,クラスペディア,0.705882,M,4,57.500000,0.500000,27,0,0,14,6,14,6,10,5,4,2,0.262745,1,3,2,0.005502,0.086300,0.333333,18,Kyoto,turf,1200,inner,Listed_open,1
14,ヤマニンアルリフラ,0.764706,M,5,57.500000,0.000000,48,0,1,20,11,15,7,8,3,7,4,0.463980,1,3,2,0.013884,0.786200,0.333333,18,Kyoto,turf,1200,inner,Listed_open,1
15,タガノアラリア,0.823529,M,3,55.000000,1.000000,42,-200,0,10,3,10,3,4,1,3,2,0.211765,1,3,1,0.001972,0.427700,0.333333,18,Kyoto,turf,1200,inner,Listed_open,1
16,フロムダスク,0.882353,M,6,57.500000,2.500000,55,0,0,26,6,26,6,12,2,5,1,0.338889,1,3,1,0.005771,0.387700,0.333333,18,Kyoto,turf,1200,inner,Listed_open,1
17,ヨシノイースター,0.941176,M,8,58.000000,1.000000,27,0,0,38,18,31,16,25,13,3,1,0.340278,1,3,2,0.007304,0.326400,0.333333,18,Kyoto,turf,1200,inner,Listed_open,1
18,ディアナザール,1.000000,M,4,56.000000,0.000000,55,0,0,8,6,8,6,2,1,2,2,0.260131,1,3,2,0.007972,0.250000,0.333333,18,Kyoto,turf,1200,inner,Listed_open,1
