horse_no,horse_name,raw_logit,raw_probability,p_top3,rank,sensitivity_p_min,sensitivity_p_max,sensitivity_rank_best,sensitivity_rank_worst
10,ヒシアイラ,-0.505340856,0.376286371,0.370519480,1,0.322033619,0.393534585,1,3
18,ディアナザール,-0.584683434,0.357855649,0.352211715,2,0.242722163,0.366041962,2,4
13,クラスペディア,-0.889922297,0.291125863,0.286065518,3,0.187019188,0.334970938,2,6
6,リリージョワ,-1.089197994,0.251769331,0.247154566,4,0.199534765,0.258312332,4,8
4,メイショウヨゾラ,-1.106196740,0.248580613,0.244005235,5,0.172972225,0.295510219,3,7
3,タマモイカロス,-1.125297007,0.245030066,0.240499122,6,0.195864995,0.339681045,1,8
8,レッドエヴァンス,-1.217273504,0.228416619,0.224101692,7,0.205198927,0.269044103,3,7
15,タガノアラリア,-1.437646603,0.191910050,0.188116618,8,0.114089653,0.238207516,5,11
17,ヨシノイースター,-1.533839248,0.177432652,0.173863820,9,0.137329154,0.178783284,8,9
1,カルチャーデイ,-2.099348910,0.109160120,0.106786231,10,0.074146944,0.150221592,10,16
14,ヤマニンアルリフラ,-2.252756907,0.095111925,0.093011643,11,0.081667389,0.143858739,9,15
2,ショウナンアビアス,-2.331845490,0.088519649,0.086551015,12,0.071105894,0.107163440,12,15
16,フロムダスク,-2.343020020,0.087622180,0.085671629,13,0.056850468,0.138281501,11,18
5,フィオライア,-2.476301709,0.077536307,0.075791627,14,0.067576105,0.142063840,10,16
7,テーオーダヴィンチ,-2.478227637,0.077398669,0.075656831,15,0.047631605,0.114159977,10,17
11,オタルエバー,-2.687893337,0.063691534,0.062237362,16,0.052763397,0.087376782,14,16
9,タマモブラックタイ,-2.873321350,0.053488252,0.052254035,17,0.045964008,0.083807175,14,17
12,デイトナモード,-3.277374806,0.036355575,0.035501859,18,0.032252679,0.096548158,13,18
