horse_no,horse_name,handicap_kg,weight_delta_vs_last_kg,kyoto1200_best_sec,kyoto1200_vs_track_record_sec,other_turf1200_best_sec,has_kyoto1200_time,recent3_jbis_speed_mean,recent3_top3_count,recent4_finish_mean,recent4_top3_count,recent4_turf_count,recent4_turf1200_count,recent4_open_plus_count,recent4_graded_count,recent4_early_pos_pct_mean,recent4_early_pos_pct_median,pace_style_heuristic,pace_used_races,recent4_used_races
1,カルチャーデイ,55.0000,-1.0000,67.9000,1.5000,67.0000,1,102.0700,0,10.2500,0,3,1,4,1,0.0793,0.0667,front,4,4
2,ショウナンアビアス,56.0000,-1.0000,,,,0,101.7700,1,6.0000,2,0,0,4,0,0.4512,0.4833,mid_rear,4,4
3,タマモイカロス,55.0000,0.0000,67.8000,1.4000,67.1000,1,98.2000,1,7.2500,1,4,3,4,4,0.6064,0.6275,mid_rear,4,4
4,メイショウヨゾラ,53.0000,-2.0000,,,67.1000,0,103.1300,2,4.2500,2,4,3,1,1,0.1663,0.1576,front,4,4
5,フィオライア,55.0000,0.0000,68.0000,1.6000,67.3000,1,96.9300,0,10.5000,1,4,4,4,4,0.4098,0.3529,forward_mid,4,4
6,リリージョワ,54.0000,2.0000,,,,0,93.8300,1,6.7500,2,4,0,4,2,0.2206,0.0000,forward_mid,4,4
7,テーオーダヴィンチ,54.0000,-1.0000,68.3000,1.9000,67.8000,1,100.7700,1,6.2500,1,4,1,0,0,0.5625,0.5535,mid_rear,4,4
8,レッドエヴァンス,55.0000,0.0000,67.4000,1.0000,66.9000,1,104.5300,3,2.5000,4,4,3,1,1,0.3970,0.3845,forward_mid,4,4
9,タマモブラックタイ,57.0000,0.0000,67.8000,1.4000,67.6000,1,100.7700,0,8.7500,1,4,4,4,2,0.6451,0.5902,mid_rear,4,4
10,ヒシアイラ,55.0000,-2.0000,67.7000,1.3000,68.1000,1,97.8300,3,2.5000,3,4,3,2,1,0.1333,0.0000,front,4,4
11,オタルエバー,56.0000,0.0000,67.0000,0.6000,67.6000,1,97.6700,0,11.7500,0,4,4,4,3,0.4091,0.3848,forward_mid,4,4
12,デイトナモード,54.0000,-3.0000,67.3000,0.9000,66.8000,1,95.0300,0,11.5000,1,4,3,3,0,0.3167,0.2804,forward_mid,4,4
13,クラスペディア,57.5000,0.5000,67.9000,1.5000,67.2000,1,104.4000,1,5.3333,1,3,3,3,2,0.0863,0.0667,front,3,3
14,ヤマニンアルリフラ,57.5000,0.0000,68.1000,1.7000,67.7000,1,97.2000,1,8.7500,1,2,2,4,3,0.7862,0.8333,deep_rear,3,4
15,タガノアラリア,55.0000,1.0000,68.0000,1.6000,69.1000,1,101.8700,1,4.2500,1,4,1,4,2,0.4277,0.4804,forward_mid,4,4
16,フロムダスク,57.5000,2.5000,66.9000,0.5000,66.5000,1,103.8300,1,7.5000,1,4,2,4,1,0.3877,0.3500,forward_mid,4,4
17,ヨシノイースター,58.0000,1.0000,67.7000,1.3000,67.1000,1,102.7300,1,7.5000,1,4,3,4,3,0.3264,0.3563,forward_mid,4,4
18,ディアナザール,56.0000,0.0000,66.7000,0.3000,67.2000,1,104.4700,1,4.2500,2,4,2,3,2,0.2500,0.0294,forward_mid,4,4
