horse_no,horse_name,as_of_time,p_market,p_model_raw,p_model_calibrated,p_ensemble,uncertainty_low,uncertainty_high,rank,model_version,locked_commit_sha
10,ヒシアイラ,2026-10-03T08:35:00+09:00,0.383753000,0.376286371,0.359036924,0.342055752,0.340496884,0.373911362,1,stage5-ensemble-v1,086f7a2a20e20dc226db6535b4738905e2011f1b
6,リリージョワ,2026-10-03T08:35:00+09:00,0.349399000,0.251769331,0.236314547,0.311322893,0.248072509,0.314478686,2,stage5-ensemble-v1,086f7a2a20e20dc226db6535b4738905e2011f1b
18,ディアナザール,2026-10-03T08:35:00+09:00,0.309414000,0.357855649,0.340696436,0.287488020,0.284162436,0.355232157,3,stage5-ensemble-v1,086f7a2a20e20dc226db6535b4738905e2011f1b
3,タマモイカロス,2026-10-03T08:35:00+09:00,0.302453000,0.245030066,0.229756950,0.277096444,0.241291725,0.278868706,4,stage5-ensemble-v1,086f7a2a20e20dc226db6535b4738905e2011f1b
4,メイショウヨゾラ,2026-10-03T08:35:00+09:00,0.256106000,0.248580613,0.233210621,0.243440288,0.243381248,0.244863663,5,stage5-ensemble-v1,086f7a2a20e20dc226db6535b4738905e2011f1b
8,レッドエヴァンス,2026-10-03T08:35:00+09:00,0.239937000,0.228416619,0.213631809,0.230564631,0.224593088,0.230859982,6,stage5-ensemble-v1,086f7a2a20e20dc226db6535b4738905e2011f1b
16,フロムダスク,2026-10-03T08:35:00+09:00,0.197097000,0.087622180,0.079628495,0.192039252,0.084452581,0.197141399,7,stage5-ensemble-v1,086f7a2a20e20dc226db6535b4738905e2011f1b
13,クラスペディア,2026-10-03T08:35:00+09:00,0.147483000,0.291125863,0.274792030,0.162581971,0.156614826,0.287743123,8,stage5-ensemble-v1,086f7a2a20e20dc226db6535b4738905e2011f1b
17,ヨシノイースター,2026-10-03T08:35:00+09:00,0.146661000,0.177432652,0.164525301,0.156725447,0.155925058,0.173522951,9,stage5-ensemble-v1,086f7a2a20e20dc226db6535b4738905e2011f1b
1,カルチャーデイ,2026-10-03T08:35:00+09:00,0.143462000,0.109160120,0.099774509,0.151107127,0.105678949,0.153233823,10,stage5-ensemble-v1,086f7a2a20e20dc226db6535b4738905e2011f1b
5,フィオライア,2026-10-03T08:35:00+09:00,0.129350000,0.077536307,0.070248661,0.138254037,0.074550522,0.141222445,11,stage5-ensemble-v1,086f7a2a20e20dc226db6535b4738905e2011f1b
15,タガノアラリア,2026-10-03T08:35:00+09:00,0.101390000,0.191910050,0.178409105,0.119820815,0.116618912,0.187995190,12,stage5-ensemble-v1,086f7a2a20e20dc226db6535b4738905e2011f1b
9,タマモブラックタイ,2026-10-03T08:35:00+09:00,0.085251000,0.053488252,0.048043354,0.099562327,0.051060093,0.101791993,13,stage5-ensemble-v1,086f7a2a20e20dc226db6535b4738905e2011f1b
14,ヤマニンアルリフラ,2026-10-03T08:35:00+09:00,0.075660000,0.095111925,0.086616943,0.092673639,0.091822166,0.092702021,14,stage5-ensemble-v1,086f7a2a20e20dc226db6535b4738905e2011f1b
2,ショウナンアビアス,2026-10-03T08:35:00+09:00,0.047025000,0.088519649,0.080464886,0.064809041,0.063857751,0.085334944,15,stage5-ensemble-v1,086f7a2a20e20dc226db6535b4738905e2011f1b
12,デイトナモード,2026-10-03T08:35:00+09:00,0.038865000,0.036355575,0.032386070,0.054101899,0.034455240,0.054988636,16,stage5-ensemble-v1,086f7a2a20e20dc226db6535b4738905e2011f1b
11,オタルエバー,2026-10-03T08:35:00+09:00,0.024623000,0.063691534,0.057435464,0.039402861,0.038412909,0.061004159,17,stage5-ensemble-v1,086f7a2a20e20dc226db6535b4738905e2011f1b
7,テーオーダヴィンチ,2026-10-03T08:35:00+09:00,0.022071000,0.077398669,0.070120914,0.036953556,0.035242283,0.074415578,18,stage5-ensemble-v1,086f7a2a20e20dc226db6535b4738905e2011f1b
