name,race_macro_brier,race_macro_log_loss,runner_micro_brier,runner_micro_log_loss,races,rows,subgroup,value,dates,intercept,slope,band,candidate,reference,mean_brier_delta,se_brier_delta,mean_log_loss_delta,se_log_loss_delta
G0,0.14665434602240016,0.4522196770691125,0.1432955700800471,0.44468960475714936,1331,15303,all,all,213,-0.014635776902234285,1.0461500450301102,1000-1400,R3,G0,0.0002506967333105074,0.00024308958594247473,0.0010927472819945465,0.000587025671059061
G3,0.1466084869601011,0.4521413845713821,0.1432311765019548,0.44458069429361285,1331,15303,all,all,213,-0.011372687585867498,1.0482224682461336,1000-1400,R3,G0,0.0002506967333105074,0.00024308958594247473,0.0010927472819945465,0.000587025671059061
R3,0.14690504275571067,0.45331242435110697,0.1437415519493213,0.44633685214225893,1331,15303,all,all,213,-0.05313374938525026,1.0373416734686465,1000-1400,R3,G0,0.0002506967333105074,0.00024308958594247473,0.0010927472819945465,0.000587025671059061
baseline,0.17550668130769273,0.5357464545298355,0.1683201521602115,0.5193107103403469,1331,15303,all,all,213,-0.11718096850594366,0.860814320812342,1000-1400,R3,G0,0.0002506967333105074,0.00024308958594247473,0.0010927472819945465,0.000587025671059061
G0,0.15244564196617424,0.46680477986165747,0.1496458329518762,0.4605606468215169,1635,17578,all,all,213,-0.02882974413947438,1.02618841295224,1401-2000,R3,G0,0.00012452844066362042,0.00016297545031696052,-4.2094818469511425e-05,0.00046114107737653154
G3,0.15246004651461031,0.46679646921539736,0.1496802396913525,0.4606173233612818,1635,17578,all,all,213,-0.03475847127048555,1.023224258991936,1401-2000,R3,G0,0.00012452844066362042,0.00016297545031696052,-4.2094818469511425e-05,0.00046114107737653154
R3,0.15257017040683787,0.4667626850431881,0.1498106886126725,0.46061373350359797,1635,17578,all,all,213,-0.05330747258231002,0.9927872613798888,1401-2000,R3,G0,0.00012452844066362042,0.00016297545031696052,-4.2094818469511425e-05,0.00046114107737653154
baseline,0.17974283428017224,0.5448168651791437,0.17499491678697757,0.5340579788491597,1635,17578,all,all,213,-0.07857274565578036,0.8946032701057949,1401-2000,R3,G0,0.00012452844066362042,0.00016297545031696052,-4.2094818469511425e-05,0.00046114107737653154
G0,0.14630026075132244,0.4511572976497209,0.14338375958886726,0.44331140457121293,114,1469,all,all,93,0.13697622286088973,1.1774615616370265,2001-2600,R3,G0,0.0028276972553717156,0.0013505162192957694,0.006473668003010194,0.0034653698683046606
G3,0.14587800962816738,0.450296137476185,0.1429496365752925,0.4424688915886731,114,1469,all,all,93,0.1396204945031534,1.1923883343576716,2001-2600,R3,G0,0.0028276972553717156,0.0013505162192957694,0.006473668003010194,0.0034653698683046606
R3,0.1491279580066942,0.45763096565273115,0.14644630059218502,0.4499769692078195,114,1469,all,all,93,-0.019145802482284875,1.0374336590988174,2001-2600,R3,G0,0.0028276972553717156,0.0013505162192957694,0.006473668003010194,0.0034653698683046606
baseline,0.17406631660988736,0.5317461805051905,0.1693807018057305,0.5211464461229401,114,1469,all,all,93,0.059638078417992756,1.0199840334551349,2001-2600,R3,G0,0.0028276972553717156,0.0013505162192957694,0.006473668003010194,0.0034653698683046606
