horse_no,horse_name,horse_id,field_size,declared_field_size,p_top3_stage4_v2,rank_eligible
18,ディアナザール,target-18,18,18,0.404602170,1
10,ヒシアイラ,target-10,18,18,0.375584036,2
13,クラスペディア,target-13,18,18,0.373588532,3
8,レッドエヴァンス,target-8,18,18,0.298454493,4
4,メイショウヨゾラ,target-4,18,18,0.281140774,5
6,リリージョワ,target-6,18,18,0.271636993,6
15,タガノアラリア,target-15,18,18,0.247546032,7
3,タマモイカロス,target-3,18,18,0.234898955,8
1,カルチャーデイ,target-1,18,18,0.206192523,9
14,ヤマニンアルリフラ,target-14,18,18,0.182752207,10
17,ヨシノイースター,target-17,18,18,0.134883940,11
16,フロムダスク,target-16,18,18,0.093975581,12
2,ショウナンアビアス,target-2,18,18,0.093227997,13
5,フィオライア,target-5,18,18,0.081673965,14
7,テーオーダヴィンチ,target-7,18,18,0.061342001,15
11,オタルエバー,target-11,18,18,0.055686690,16
12,デイトナモード,target-12,18,18,0.045012601,17
9,タマモブラックタイ,target-9,18,18,0.037034862,18
