race_day_key,year,racecourse,meeting_number,meeting_day,actual_date,official_source_url,mapping_status
2012010101,2012,札幌,1,1,2012-07-21,https://www.jra.go.jp/datafile/seiseki/report/2012/2012-1sapporo1.pdf,official_daily_result_pdf
2012010102,2012,札幌,1,2,2012-07-22,https://www.jra.go.jp/datafile/seiseki/report/2012/2012-1sapporo2.pdf,official_daily_result_pdf
2012010103,2012,札幌,1,3,2012-07-28,https://www.jra.go.jp/datafile/seiseki/report/2012/2012-1sapporo3.pdf,official_daily_result_pdf
2012010104,2012,札幌,1,4,2012-07-29,https://www.jra.go.jp/datafile/seiseki/report/2012/2012-1sapporo4.pdf,official_daily_result_pdf
2012010105,2012,札幌,1,5,2012-08-04,https://www.jra.go.jp/datafile/seiseki/report/2012/2012-1sapporo5.pdf,official_daily_result_pdf
2012010106,2012,札幌,1,6,2012-08-05,https://www.jra.go.jp/datafile/seiseki/report/2012/2012-1sapporo6.pdf,official_daily_result_pdf
2012010107,2012,札幌,1,7,2012-08-11,https://www.jra.go.jp/datafile/seiseki/report/2012/2012-1sapporo7.pdf,official_daily_result_pdf
2012010108,2012,札幌,1,8,2012-08-12,https://www.jra.go.jp/datafile/seiseki/report/2012/2012-1sapporo8.pdf,official_daily_result_pdf
2012010201,2012,札幌,2,1,2012-08-18,https://www.jra.go.jp/datafile/seiseki/report/2012/2012-2sapporo1.pdf,official_daily_result_pdf
2012010202,2012,札幌,2,2,2012-08-19,https://www.jra.go.jp/datafile/seiseki/report/2012/2012-2sapporo2.pdf,official_daily_result_pdf
2012010203,2012,札幌,2,3,2012-08-25,https://www.jra.go.jp/datafile/seiseki/report/2012/2012-2sapporo3.pdf,official_daily_result_pdf
2012010204,2012,札幌,2,4,2012-08-26,https://www.jra.go.jp/datafile/seiseki/report/2012/2012-2sapporo4.pdf,official_daily_result_pdf
2012010205,2012,札幌,2,5,2012-09-01,https://www.jra.go.jp/datafile/seiseki/report/2012/2012-2sapporo5.pdf,official_daily_result_pdf
2012010206,2012,札幌,2,6,2012-09-02,https://www.jra.go.jp/datafile/seiseki/report/2012/2012-2sapporo6.pdf,official_daily_result_pdf
2012020101,2012,函館,1,1,2012-06-09,https://www.jra.go.jp/datafile/seiseki/report/2012/2012-1hakodate1.pdf,official_daily_result_pdf
2012020102,2012,函館,1,2,2012-06-10,https://www.jra.go.jp/datafile/seiseki/report/2012/2012-1hakodate2.pdf,official_daily_result_pdf
2012020103,2012,函館,1,3,2012-06-16,https://www.jra.go.jp/datafile/seiseki/report/2012/2012-1hakodate3.pdf,official_daily_result_pdf
2012020104,2012,函館,1,4,2012-06-17,https://www.jra.go.jp/datafile/seiseki/report/2012/2012-1hakodate4.pdf,official_daily_result_pdf
2012020105,2012,函館,1,5,2012-06-23,https://www.jra.go.jp/datafile/seiseki/report/2012/2012-1hakodate5.pdf,official_daily_result_pdf
2012020106,2012,函館,1,6,2012-06-24,https://www.jra.go.jp/datafile/seiseki/report/2012/2012-1hakodate6.pdf,official_daily_result_pdf
2012020201,2012,函館,2,1,2012-06-30,https://www.jra.go.jp/datafile/seiseki/report/2012/2012-2hakodate1.pdf,official_daily_result_pdf
2012020202,2012,函館,2,2,2012-07-01,https://www.jra.go.jp/datafile/seiseki/report/2012/2012-2hakodate2.pdf,official_daily_result_pdf
2012020203,2012,函館,2,3,2012-07-07,https://www.jra.go.jp/datafile/seiseki/report/2012/2012-2hakodate3.pdf,official_daily_result_pdf
2012020204,2012,函館,2,4,2012-07-08,https://www.jra.go.jp/datafile/seiseki/report/2012/2012-2hakodate4.pdf,official_daily_result_pdf
2012020205,2012,函館,2,5,2012-07-14,https://www.jra.go.jp/datafile/seiseki/report/2012/2012-2hakodate5.pdf,official_daily_result_pdf
2012020206,2012,函館,2,6,2012-07-15,https://www.jra.go.jp/datafile/seiseki/report/2012/2012-2hakodate6.pdf,official_daily_result_pdf
2012030101,2012,福島,1,1,2012-04-07,https://www.jra.go.jp/datafile/seiseki/report/2012/2012-1fukushima1.pdf,official_daily_result_pdf
2012030102,2012,福島,1,2,2012-04-08,https://www.jra.go.jp/datafile/seiseki/report/2012/2012-1fukushima2.pdf,official_daily_result_pdf
2012030103,2012,福島,1,3,2012-04-14,https://www.jra.go.jp/datafile/seiseki/report/2012/2012-1fukushima3.pdf,official_daily_result_pdf
2012030104,2012,福島,1,4,2012-04-15,https://www.jra.go.jp/datafile/seiseki/report/2012/2012-1fukushima4.pdf,official_daily_result_pdf
2012030105,2012,福島,1,5,2012-04-21,https://www.jra.go.jp/datafile/seiseki/report/2012/2012-1fukushima5.pdf,official_daily_result_pdf
2012030106,2012,福島,1,6,2012-04-22,https://www.jra.go.jp/datafile/seiseki/report/2012/2012-1fukushima6.pdf,official_daily_result_pdf
2012030107,2012,福島,1,7,2012-04-28,https://www.jra.go.jp/datafile/seiseki/report/2012/2012-1fukushima7.pdf,official_daily_result_pdf
2012030108,2012,福島,1,8,2012-04-29,https://www.jra.go.jp/datafile/seiseki/report/2012/2012-1fukushima8.pdf,official_daily_result_pdf
2012030201,2012,福島,2,1,2012-06-16,https://www.jra.go.jp/datafile/seiseki/report/2012/2012-2fukushima1.pdf,official_daily_result_pdf
2012030202,2012,福島,2,2,2012-06-17,https://www.jra.go.jp/datafile/seiseki/report/2012/2012-2fukushima2.pdf,official_daily_result_pdf
2012030203,2012,福島,2,3,2012-06-23,https://www.jra.go.jp/datafile/seiseki/report/2012/2012-2fukushima3.pdf,official_daily_result_pdf
2012030204,2012,福島,2,4,2012-06-24,https://www.jra.go.jp/datafile/seiseki/report/2012/2012-2fukushima4.pdf,official_daily_result_pdf
2012030205,2012,福島,2,5,2012-06-30,https://www.jra.go.jp/datafile/seiseki/report/2012/2012-2fukushima5.pdf,official_daily_result_pdf
2012030206,2012,福島,2,6,2012-07-01,https://www.jra.go.jp/datafile/seiseki/report/2012/2012-2fukushima6.pdf,official_daily_result_pdf
2012030207,2012,福島,2,7,2012-07-07,https://www.jra.go.jp/datafile/seiseki/report/2012/2012-2fukushima7.pdf,official_daily_result_pdf
2012030208,2012,福島,2,8,2012-07-08,https://www.jra.go.jp/datafile/seiseki/report/2012/2012-2fukushima8.pdf,official_daily_result_pdf
2012030301,2012,福島,3,1,2012-11-03,https://www.jra.go.jp/datafile/seiseki/report/2012/2012-3fukushima1.pdf,official_daily_result_pdf
2012030302,2012,福島,3,2,2012-11-04,https://www.jra.go.jp/datafile/seiseki/report/2012/2012-3fukushima2.pdf,official_daily_result_pdf
2012030303,2012,福島,3,3,2012-11-10,https://www.jra.go.jp/datafile/seiseki/report/2012/2012-3fukushima3.pdf,official_daily_result_pdf
2012030304,2012,福島,3,4,2012-11-11,https://www.jra.go.jp/datafile/seiseki/report/2012/2012-3fukushima4.pdf,official_daily_result_pdf
2012030305,2012,福島,3,5,2012-11-17,https://www.jra.go.jp/datafile/seiseki/report/2012/2012-3fukushima5.pdf,official_daily_result_pdf
2012030306,2012,福島,3,6,2012-11-18,https://www.jra.go.jp/datafile/seiseki/report/2012/2012-3fukushima6.pdf,official_daily_result_pdf
2012040101,2012,新潟,1,1,2012-05-05,https://www.jra.go.jp/datafile/seiseki/report/2012/2012-1niigata1.pdf,official_daily_result_pdf
2012040102,2012,新潟,1,2,2012-05-06,https://www.jra.go.jp/datafile/seiseki/report/2012/2012-1niigata2.pdf,official_daily_result_pdf
2012040103,2012,新潟,1,3,2012-05-12,https://www.jra.go.jp/datafile/seiseki/report/2012/2012-1niigata3.pdf,official_daily_result_pdf
2012040104,2012,新潟,1,4,2012-05-13,https://www.jra.go.jp/datafile/seiseki/report/2012/2012-1niigata4.pdf,official_daily_result_pdf
2012040105,2012,新潟,1,5,2012-05-19,https://www.jra.go.jp/datafile/seiseki/report/2012/2012-1niigata5.pdf,official_daily_result_pdf
2012040106,2012,新潟,1,6,2012-05-20,https://www.jra.go.jp/datafile/seiseki/report/2012/2012-1niigata6.pdf,official_daily_result_pdf
2012040201,2012,新潟,2,1,2012-07-14,https://www.jra.go.jp/datafile/seiseki/report/2012/2012-2niigata1.pdf,official_daily_result_pdf
2012040202,2012,新潟,2,2,2012-07-15,https://www.jra.go.jp/datafile/seiseki/report/2012/2012-2niigata2.pdf,official_daily_result_pdf
2012040203,2012,新潟,2,3,2012-07-21,https://www.jra.go.jp/datafile/seiseki/report/2012/2012-2niigata3.pdf,official_daily_result_pdf
2012040204,2012,新潟,2,4,2012-07-22,https://www.jra.go.jp/datafile/seiseki/report/2012/2012-2niigata4.pdf,official_daily_result_pdf
2012040205,2012,新潟,2,5,2012-07-28,https://www.jra.go.jp/datafile/seiseki/report/2012/2012-2niigata5.pdf,official_daily_result_pdf
2012040206,2012,新潟,2,6,2012-07-29,https://www.jra.go.jp/datafile/seiseki/report/2012/2012-2niigata6.pdf,official_daily_result_pdf
2012040207,2012,新潟,2,7,2012-08-04,https://www.jra.go.jp/datafile/seiseki/report/2012/2012-2niigata7.pdf,official_daily_result_pdf
2012040208,2012,新潟,2,8,2012-08-05,https://www.jra.go.jp/datafile/seiseki/report/2012/2012-2niigata8.pdf,official_daily_result_pdf
2012040301,2012,新潟,3,1,2012-08-11,https://www.jra.go.jp/datafile/seiseki/report/2012/2012-3niigata1.pdf,official_daily_result_pdf
2012040302,2012,新潟,3,2,2012-08-12,https://www.jra.go.jp/datafile/seiseki/report/2012/2012-3niigata2.pdf,official_daily_result_pdf
2012040303,2012,新潟,3,3,2012-08-18,https://www.jra.go.jp/datafile/seiseki/report/2012/2012-3niigata3.pdf,official_daily_result_pdf
2012040304,2012,新潟,3,4,2012-08-19,https://www.jra.go.jp/datafile/seiseki/report/2012/2012-3niigata4.pdf,official_daily_result_pdf
2012040305,2012,新潟,3,5,2012-08-25,https://www.jra.go.jp/datafile/seiseki/report/2012/2012-3niigata5.pdf,official_daily_result_pdf
2012040306,2012,新潟,3,6,2012-08-26,https://www.jra.go.jp/datafile/seiseki/report/2012/2012-3niigata6.pdf,official_daily_result_pdf
2012040307,2012,新潟,3,7,2012-09-01,https://www.jra.go.jp/datafile/seiseki/report/2012/2012-3niigata7.pdf,official_daily_result_pdf
2012040308,2012,新潟,3,8,2012-09-02,https://www.jra.go.jp/datafile/seiseki/report/2012/2012-3niigata8.pdf,official_daily_result_pdf
2012040401,2012,新潟,4,1,2012-10-13,https://www.jra.go.jp/datafile/seiseki/report/2012/2012-4niigata1.pdf,official_daily_result_pdf
2012040402,2012,新潟,4,2,2012-10-14,https://www.jra.go.jp/datafile/seiseki/report/2012/2012-4niigata2.pdf,official_daily_result_pdf
2012040403,2012,新潟,4,3,2012-10-20,https://www.jra.go.jp/datafile/seiseki/report/2012/2012-4niigata3.pdf,official_daily_result_pdf
2012040404,2012,新潟,4,4,2012-10-21,https://www.jra.go.jp/datafile/seiseki/report/2012/2012-4niigata4.pdf,official_daily_result_pdf
2012040405,2012,新潟,4,5,2012-10-27,https://www.jra.go.jp/datafile/seiseki/report/2012/2012-4niigata5.pdf,official_daily_result_pdf
2012040406,2012,新潟,4,6,2012-10-28,https://www.jra.go.jp/datafile/seiseki/report/2012/2012-4niigata6.pdf,official_daily_result_pdf
2012050101,2012,東京,1,1,2012-01-28,https://www.jra.go.jp/datafile/seiseki/report/2012/2012-1tokyo1.pdf,official_daily_result_pdf
2012050102,2012,東京,1,2,2012-01-29,https://www.jra.go.jp/datafile/seiseki/report/2012/2012-1tokyo2.pdf,official_daily_result_pdf
2012050103,2012,東京,1,3,2012-02-04,https://www.jra.go.jp/datafile/seiseki/report/2012/2012-1tokyo3.pdf,official_daily_result_pdf
2012050104,2012,東京,1,4,2012-02-05,https://www.jra.go.jp/datafile/seiseki/report/2012/2012-1tokyo4.pdf,official_daily_result_pdf
2012050105,2012,東京,1,5,2012-02-11,https://www.jra.go.jp/datafile/seiseki/report/2012/2012-1tokyo5.pdf,official_daily_result_pdf
2012050106,2012,東京,1,6,2012-02-12,https://www.jra.go.jp/datafile/seiseki/report/2012/2012-1tokyo6.pdf,official_daily_result_pdf
2012050107,2012,東京,1,7,2012-02-18,https://www.jra.go.jp/datafile/seiseki/report/2012/2012-1tokyo7.pdf,official_daily_result_pdf
2012050108,2012,東京,1,8,2012-02-19,https://www.jra.go.jp/datafile/seiseki/report/2012/2012-1tokyo8.pdf,official_daily_result_pdf
2012050201,2012,東京,2,1,2012-04-21,https://www.jra.go.jp/datafile/seiseki/report/2012/2012-2tokyo1.pdf,official_daily_result_pdf
2012050202,2012,東京,2,2,2012-04-22,https://www.jra.go.jp/datafile/seiseki/report/2012/2012-2tokyo2.pdf,official_daily_result_pdf
2012050203,2012,東京,2,3,2012-04-28,https://www.jra.go.jp/datafile/seiseki/report/2012/2012-2tokyo3.pdf,official_daily_result_pdf
2012050204,2012,東京,2,4,2012-04-29,https://www.jra.go.jp/datafile/seiseki/report/2012/2012-2tokyo4.pdf,official_daily_result_pdf
2012050205,2012,東京,2,5,2012-05-05,https://www.jra.go.jp/datafile/seiseki/report/2012/2012-2tokyo5.pdf,official_daily_result_pdf
2012050206,2012,東京,2,6,2012-05-06,https://www.jra.go.jp/datafile/seiseki/report/2012/2012-2tokyo6.pdf,official_daily_result_pdf
2012050207,2012,東京,2,7,2012-05-12,https://www.jra.go.jp/datafile/seiseki/report/2012/2012-2tokyo7.pdf,official_daily_result_pdf
2012050208,2012,東京,2,8,2012-05-13,https://www.jra.go.jp/datafile/seiseki/report/2012/2012-2tokyo8.pdf,official_daily_result_pdf
2012050209,2012,東京,2,9,2012-05-19,https://www.jra.go.jp/datafile/seiseki/report/2012/2012-2tokyo9.pdf,official_daily_result_pdf
2012050210,2012,東京,2,10,2012-05-20,https://www.jra.go.jp/datafile/seiseki/report/2012/2012-2tokyo10.pdf,official_daily_result_pdf
2012050211,2012,東京,2,11,2012-05-26,https://www.jra.go.jp/datafile/seiseki/report/2012/2012-2tokyo11.pdf,official_daily_result_pdf
2012050212,2012,東京,2,12,2012-05-27,https://www.jra.go.jp/datafile/seiseki/report/2012/2012-2tokyo12.pdf,official_daily_result_pdf
2012050301,2012,東京,3,1,2012-06-02,https://www.jra.go.jp/datafile/seiseki/report/2012/2012-3tokyo1.pdf,official_daily_result_pdf
2012050302,2012,東京,3,2,2012-06-03,https://www.jra.go.jp/datafile/seiseki/report/2012/2012-3tokyo2.pdf,official_daily_result_pdf
2012050303,2012,東京,3,3,2012-06-09,https://www.jra.go.jp/datafile/seiseki/report/2012/2012-3tokyo3.pdf,official_daily_result_pdf
2012050304,2012,東京,3,4,2012-06-10,https://www.jra.go.jp/datafile/seiseki/report/2012/2012-3tokyo4.pdf,official_daily_result_pdf
2012050401,2012,東京,4,1,2012-10-06,https://www.jra.go.jp/datafile/seiseki/report/2012/2012-4tokyo1.pdf,official_daily_result_pdf
2012050402,2012,東京,4,2,2012-10-07,https://www.jra.go.jp/datafile/seiseki/report/2012/2012-4tokyo2.pdf,official_daily_result_pdf
2012050403,2012,東京,4,3,2012-10-08,https://www.jra.go.jp/datafile/seiseki/report/2012/2012-4tokyo3.pdf,official_daily_result_pdf
2012050404,2012,東京,4,4,2012-10-13,https://www.jra.go.jp/datafile/seiseki/report/2012/2012-4tokyo4.pdf,official_daily_result_pdf
2012050405,2012,東京,4,5,2012-10-14,https://www.jra.go.jp/datafile/seiseki/report/2012/2012-4tokyo5.pdf,official_daily_result_pdf
2012050406,2012,東京,4,6,2012-10-20,https://www.jra.go.jp/datafile/seiseki/report/2012/2012-4tokyo6.pdf,official_daily_result_pdf
2012050407,2012,東京,4,7,2012-10-21,https://www.jra.go.jp/datafile/seiseki/report/2012/2012-4tokyo7.pdf,official_daily_result_pdf
2012050408,2012,東京,4,8,2012-10-27,https://www.jra.go.jp/datafile/seiseki/report/2012/2012-4tokyo8.pdf,official_daily_result_pdf
2012050409,2012,東京,4,9,2012-10-28,https://www.jra.go.jp/datafile/seiseki/report/2012/2012-4tokyo9.pdf,official_daily_result_pdf
2012050501,2012,東京,5,1,2012-11-03,https://www.jra.go.jp/datafile/seiseki/report/2012/2012-5tokyo1.pdf,official_daily_result_pdf
2012050502,2012,東京,5,2,2012-11-04,https://www.jra.go.jp/datafile/seiseki/report/2012/2012-5tokyo2.pdf,official_daily_result_pdf
2012050503,2012,東京,5,3,2012-11-10,https://www.jra.go.jp/datafile/seiseki/report/2012/2012-5tokyo3.pdf,official_daily_result_pdf
2012050504,2012,東京,5,4,2012-11-11,https://www.jra.go.jp/datafile/seiseki/report/2012/2012-5tokyo4.pdf,official_daily_result_pdf
2012050505,2012,東京,5,5,2012-11-17,https://www.jra.go.jp/datafile/seiseki/report/2012/2012-5tokyo5.pdf,official_daily_result_pdf
2012050506,2012,東京,5,6,2012-11-18,https://www.jra.go.jp/datafile/seiseki/report/2012/2012-5tokyo6.pdf,official_daily_result_pdf
2012050507,2012,東京,5,7,2012-11-24,https://www.jra.go.jp/datafile/seiseki/report/2012/2012-5tokyo7.pdf,official_daily_result_pdf
2012050508,2012,東京,5,8,2012-11-25,https://www.jra.go.jp/datafile/seiseki/report/2012/2012-5tokyo8.pdf,official_daily_result_pdf
2012060101,2012,中山,1,1,2012-01-05,https://www.jra.go.jp/datafile/seiseki/report/2012/2012-1nakayama1.pdf,official_daily_result_pdf
2012060102,2012,中山,1,2,2012-01-08,https://www.jra.go.jp/datafile/seiseki/report/2012/2012-1nakayama2.pdf,official_daily_result_pdf
2012060103,2012,中山,1,3,2012-01-09,https://www.jra.go.jp/datafile/seiseki/report/2012/2012-1nakayama3.pdf,official_daily_result_pdf
2012060104,2012,中山,1,4,2012-01-14,https://www.jra.go.jp/datafile/seiseki/report/2012/2012-1nakayama4.pdf,official_daily_result_pdf
2012060105,2012,中山,1,5,2012-01-15,https://www.jra.go.jp/datafile/seiseki/report/2012/2012-1nakayama5.pdf,official_daily_result_pdf
2012060106,2012,中山,1,6,2012-01-21,https://www.jra.go.jp/datafile/seiseki/report/2012/2012-1nakayama6.pdf,official_daily_result_pdf
2012060107,2012,中山,1,7,2012-01-22,https://www.jra.go.jp/datafile/seiseki/report/2012/2012-1nakayama7.pdf,official_daily_result_pdf
2012060201,2012,中山,2,1,2012-02-25,https://www.jra.go.jp/datafile/seiseki/report/2012/2012-2nakayama1.pdf,official_daily_result_pdf
2012060202,2012,中山,2,2,2012-02-26,https://www.jra.go.jp/datafile/seiseki/report/2012/2012-2nakayama2.pdf,official_daily_result_pdf
2012060203,2012,中山,2,3,2012-03-03,https://www.jra.go.jp/datafile/seiseki/report/2012/2012-2nakayama3.pdf,official_daily_result_pdf
2012060204,2012,中山,2,4,2012-03-04,https://www.jra.go.jp/datafile/seiseki/report/2012/2012-2nakayama4.pdf,official_daily_result_pdf
2012060205,2012,中山,2,5,2012-03-10,https://www.jra.go.jp/datafile/seiseki/report/2012/2012-2nakayama5.pdf,official_daily_result_pdf
2012060206,2012,中山,2,6,2012-03-11,https://www.jra.go.jp/datafile/seiseki/report/2012/2012-2nakayama6.pdf,official_daily_result_pdf
2012060207,2012,中山,2,7,2012-03-17,https://www.jra.go.jp/datafile/seiseki/report/2012/2012-2nakayama7.pdf,official_daily_result_pdf
2012060208,2012,中山,2,8,2012-03-18,https://www.jra.go.jp/datafile/seiseki/report/2012/2012-2nakayama8.pdf,official_daily_result_pdf
2012060301,2012,中山,3,1,2012-03-24,https://www.jra.go.jp/datafile/seiseki/report/2012/2012-3nakayama1.pdf,official_daily_result_pdf
2012060302,2012,中山,3,2,2012-03-25,https://www.jra.go.jp/datafile/seiseki/report/2012/2012-3nakayama2.pdf,official_daily_result_pdf
2012060303,2012,中山,3,3,2012-03-31,https://www.jra.go.jp/datafile/seiseki/report/2012/2012-3nakayama3.pdf,official_daily_result_pdf
2012060304,2012,中山,3,4,2012-04-01,https://www.jra.go.jp/datafile/seiseki/report/2012/2012-3nakayama4.pdf,official_daily_result_pdf
2012060305,2012,中山,3,5,2012-04-07,https://www.jra.go.jp/datafile/seiseki/report/2012/2012-3nakayama5.pdf,official_daily_result_pdf
2012060306,2012,中山,3,6,2012-04-08,https://www.jra.go.jp/datafile/seiseki/report/2012/2012-3nakayama6.pdf,official_daily_result_pdf
2012060307,2012,中山,3,7,2012-04-14,https://www.jra.go.jp/datafile/seiseki/report/2012/2012-3nakayama7.pdf,official_daily_result_pdf
2012060308,2012,中山,3,8,2012-04-15,https://www.jra.go.jp/datafile/seiseki/report/2012/2012-3nakayama8.pdf,official_daily_result_pdf
2012060401,2012,中山,4,1,2012-09-08,https://www.jra.go.jp/datafile/seiseki/report/2012/2012-4nakayama1.pdf,official_daily_result_pdf
2012060402,2012,中山,4,2,2012-09-09,https://www.jra.go.jp/datafile/seiseki/report/2012/2012-4nakayama2.pdf,official_daily_result_pdf
2012060403,2012,中山,4,3,2012-09-15,https://www.jra.go.jp/datafile/seiseki/report/2012/2012-4nakayama3.pdf,official_daily_result_pdf
2012060404,2012,中山,4,4,2012-09-16,https://www.jra.go.jp/datafile/seiseki/report/2012/2012-4nakayama4.pdf,official_daily_result_pdf
2012060405,2012,中山,4,5,2012-09-17,https://www.jra.go.jp/datafile/seiseki/report/2012/2012-4nakayama5.pdf,official_daily_result_pdf
2012060406,2012,中山,4,6,2012-09-22,https://www.jra.go.jp/datafile/seiseki/report/2012/2012-4nakayama6.pdf,official_daily_result_pdf
2012060407,2012,中山,4,7,2012-09-23,https://www.jra.go.jp/datafile/seiseki/report/2012/2012-4nakayama7.pdf,official_daily_result_pdf
2012060408,2012,中山,4,8,2012-09-29,https://www.jra.go.jp/datafile/seiseki/report/2012/2012-4nakayama8.pdf,official_daily_result_pdf
2012060409,2012,中山,4,9,2012-09-30,https://www.jra.go.jp/datafile/seiseki/report/2012/2012-4nakayama9.pdf,official_daily_result_pdf
2012060501,2012,中山,5,1,2012-12-01,https://www.jra.go.jp/datafile/seiseki/report/2012/2012-5nakayama1.pdf,official_daily_result_pdf
2012060502,2012,中山,5,2,2012-12-02,https://www.jra.go.jp/datafile/seiseki/report/2012/2012-5nakayama2.pdf,official_daily_result_pdf
2012060503,2012,中山,5,3,2012-12-08,https://www.jra.go.jp/datafile/seiseki/report/2012/2012-5nakayama3.pdf,official_daily_result_pdf
2012060504,2012,中山,5,4,2012-12-09,https://www.jra.go.jp/datafile/seiseki/report/2012/2012-5nakayama4.pdf,official_daily_result_pdf
2012060505,2012,中山,5,5,2012-12-15,https://www.jra.go.jp/datafile/seiseki/report/2012/2012-5nakayama5.pdf,official_daily_result_pdf
2012060506,2012,中山,5,6,2012-12-16,https://www.jra.go.jp/datafile/seiseki/report/2012/2012-5nakayama6.pdf,official_daily_result_pdf
2012060507,2012,中山,5,7,2012-12-22,https://www.jra.go.jp/datafile/seiseki/report/2012/2012-5nakayama7.pdf,official_daily_result_pdf
2012060508,2012,中山,5,8,2012-12-23,https://www.jra.go.jp/datafile/seiseki/report/2012/2012-5nakayama8.pdf,official_daily_result_pdf
2012060509,2012,中山,5,9,2012-12-24,https://www.jra.go.jp/datafile/seiseki/report/2012/2012-5nakayama9.pdf,official_daily_result_pdf
2012070101,2012,中京,1,1,2012-03-03,https://www.jra.go.jp/datafile/seiseki/report/2012/2012-1chukyo1.pdf,official_daily_result_pdf
2012070102,2012,中京,1,2,2012-03-04,https://www.jra.go.jp/datafile/seiseki/report/2012/2012-1chukyo2.pdf,official_daily_result_pdf
2012070103,2012,中京,1,3,2012-03-10,https://www.jra.go.jp/datafile/seiseki/report/2012/2012-1chukyo3.pdf,official_daily_result_pdf
2012070104,2012,中京,1,4,2012-03-11,https://www.jra.go.jp/datafile/seiseki/report/2012/2012-1chukyo4.pdf,official_daily_result_pdf
2012070105,2012,中京,1,5,2012-03-17,https://www.jra.go.jp/datafile/seiseki/report/2012/2012-1chukyo5.pdf,official_daily_result_pdf
2012070106,2012,中京,1,6,2012-03-18,https://www.jra.go.jp/datafile/seiseki/report/2012/2012-1chukyo6.pdf,official_daily_result_pdf
2012070107,2012,中京,1,7,2012-03-24,https://www.jra.go.jp/datafile/seiseki/report/2012/2012-1chukyo7.pdf,official_daily_result_pdf
2012070108,2012,中京,1,8,2012-03-25,https://www.jra.go.jp/datafile/seiseki/report/2012/2012-1chukyo8.pdf,official_daily_result_pdf
2012070201,2012,中京,2,1,2012-06-30,https://www.jra.go.jp/datafile/seiseki/report/2012/2012-2chukyo1.pdf,official_daily_result_pdf
2012070202,2012,中京,2,2,2012-07-01,https://www.jra.go.jp/datafile/seiseki/report/2012/2012-2chukyo2.pdf,official_daily_result_pdf
2012070203,2012,中京,2,3,2012-07-07,https://www.jra.go.jp/datafile/seiseki/report/2012/2012-2chukyo3.pdf,official_daily_result_pdf
2012070204,2012,中京,2,4,2012-07-08,https://www.jra.go.jp/datafile/seiseki/report/2012/2012-2chukyo4.pdf,official_daily_result_pdf
2012070205,2012,中京,2,5,2012-07-14,https://www.jra.go.jp/datafile/seiseki/report/2012/2012-2chukyo5.pdf,official_daily_result_pdf
2012070206,2012,中京,2,6,2012-07-15,https://www.jra.go.jp/datafile/seiseki/report/2012/2012-2chukyo6.pdf,official_daily_result_pdf
2012070207,2012,中京,2,7,2012-07-21,https://www.jra.go.jp/datafile/seiseki/report/2012/2012-2chukyo7.pdf,official_daily_result_pdf
2012070208,2012,中京,2,8,2012-07-22,https://www.jra.go.jp/datafile/seiseki/report/2012/2012-2chukyo8.pdf,official_daily_result_pdf
2012070301,2012,中京,3,1,2012-12-01,https://www.jra.go.jp/datafile/seiseki/report/2012/2012-3chukyo1.pdf,official_daily_result_pdf
2012070302,2012,中京,3,2,2012-12-02,https://www.jra.go.jp/datafile/seiseki/report/2012/2012-3chukyo2.pdf,official_daily_result_pdf
2012070303,2012,中京,3,3,2012-12-08,https://www.jra.go.jp/datafile/seiseki/report/2012/2012-3chukyo3.pdf,official_daily_result_pdf
2012070304,2012,中京,3,4,2012-12-09,https://www.jra.go.jp/datafile/seiseki/report/2012/2012-3chukyo4.pdf,official_daily_result_pdf
2012070305,2012,中京,3,5,2012-12-15,https://www.jra.go.jp/datafile/seiseki/report/2012/2012-3chukyo5.pdf,official_daily_result_pdf
2012070306,2012,中京,3,6,2012-12-16,https://www.jra.go.jp/datafile/seiseki/report/2012/2012-3chukyo6.pdf,official_daily_result_pdf
2012080101,2012,京都,1,1,2012-01-05,https://www.jra.go.jp/datafile/seiseki/report/2012/2012-1kyoto1.pdf,official_daily_result_pdf
2012080102,2012,京都,1,2,2012-01-08,https://www.jra.go.jp/datafile/seiseki/report/2012/2012-1kyoto2.pdf,official_daily_result_pdf
2012080103,2012,京都,1,3,2012-01-09,https://www.jra.go.jp/datafile/seiseki/report/2012/2012-1kyoto3.pdf,official_daily_result_pdf
2012080104,2012,京都,1,4,2012-01-14,https://www.jra.go.jp/datafile/seiseki/report/2012/2012-1kyoto4.pdf,official_daily_result_pdf
2012080105,2012,京都,1,5,2012-01-15,https://www.jra.go.jp/datafile/seiseki/report/2012/2012-1kyoto5.pdf,official_daily_result_pdf
2012080106,2012,京都,1,6,2012-01-21,https://www.jra.go.jp/datafile/seiseki/report/2012/2012-1kyoto6.pdf,official_daily_result_pdf
2012080107,2012,京都,1,7,2012-01-22,https://www.jra.go.jp/datafile/seiseki/report/2012/2012-1kyoto7.pdf,official_daily_result_pdf
2012080201,2012,京都,2,1,2012-01-28,https://www.jra.go.jp/datafile/seiseki/report/2012/2012-2kyoto1.pdf,official_daily_result_pdf
2012080202,2012,京都,2,2,2012-01-29,https://www.jra.go.jp/datafile/seiseki/report/2012/2012-2kyoto2.pdf,official_daily_result_pdf
2012080203,2012,京都,2,3,2012-02-04,https://www.jra.go.jp/datafile/seiseki/report/2012/2012-2kyoto3.pdf,official_daily_result_pdf
2012080204,2012,京都,2,4,2012-02-05,https://www.jra.go.jp/datafile/seiseki/report/2012/2012-2kyoto4.pdf,official_daily_result_pdf
2012080205,2012,京都,2,5,2012-02-11,https://www.jra.go.jp/datafile/seiseki/report/2012/2012-2kyoto5.pdf,official_daily_result_pdf
2012080206,2012,京都,2,6,2012-02-12,https://www.jra.go.jp/datafile/seiseki/report/2012/2012-2kyoto6.pdf,official_daily_result_pdf
2012080207,2012,京都,2,7,2012-02-18,https://www.jra.go.jp/datafile/seiseki/report/2012/2012-2kyoto7.pdf,official_daily_result_pdf
2012080208,2012,京都,2,8,2012-02-19,https://www.jra.go.jp/datafile/seiseki/report/2012/2012-2kyoto8.pdf,official_daily_result_pdf
2012080301,2012,京都,3,1,2012-04-21,https://www.jra.go.jp/datafile/seiseki/report/2012/2012-3kyoto1.pdf,official_daily_result_pdf
2012080302,2012,京都,3,2,2012-04-22,https://www.jra.go.jp/datafile/seiseki/report/2012/2012-3kyoto2.pdf,official_daily_result_pdf
2012080303,2012,京都,3,3,2012-04-28,https://www.jra.go.jp/datafile/seiseki/report/2012/2012-3kyoto3.pdf,official_daily_result_pdf
2012080304,2012,京都,3,4,2012-04-29,https://www.jra.go.jp/datafile/seiseki/report/2012/2012-3kyoto4.pdf,official_daily_result_pdf
2012080305,2012,京都,3,5,2012-05-05,https://www.jra.go.jp/datafile/seiseki/report/2012/2012-3kyoto5.pdf,official_daily_result_pdf
2012080306,2012,京都,3,6,2012-05-06,https://www.jra.go.jp/datafile/seiseki/report/2012/2012-3kyoto6.pdf,official_daily_result_pdf
2012080307,2012,京都,3,7,2012-05-12,https://www.jra.go.jp/datafile/seiseki/report/2012/2012-3kyoto7.pdf,official_daily_result_pdf
2012080308,2012,京都,3,8,2012-05-13,https://www.jra.go.jp/datafile/seiseki/report/2012/2012-3kyoto8.pdf,official_daily_result_pdf
2012080309,2012,京都,3,9,2012-05-19,https://www.jra.go.jp/datafile/seiseki/report/2012/2012-3kyoto9.pdf,official_daily_result_pdf
2012080310,2012,京都,3,10,2012-05-20,https://www.jra.go.jp/datafile/seiseki/report/2012/2012-3kyoto10.pdf,official_daily_result_pdf
2012080311,2012,京都,3,11,2012-05-26,https://www.jra.go.jp/datafile/seiseki/report/2012/2012-3kyoto11.pdf,official_daily_result_pdf
2012080312,2012,京都,3,12,2012-05-27,https://www.jra.go.jp/datafile/seiseki/report/2012/2012-3kyoto12.pdf,official_daily_result_pdf
2012080401,2012,京都,4,1,2012-10-06,https://www.jra.go.jp/datafile/seiseki/report/2012/2012-4kyoto1.pdf,official_daily_result_pdf
2012080402,2012,京都,4,2,2012-10-07,https://www.jra.go.jp/datafile/seiseki/report/2012/2012-4kyoto2.pdf,official_daily_result_pdf
2012080403,2012,京都,4,3,2012-10-08,https://www.jra.go.jp/datafile/seiseki/report/2012/2012-4kyoto3.pdf,official_daily_result_pdf
2012080404,2012,京都,4,4,2012-10-13,https://www.jra.go.jp/datafile/seiseki/report/2012/2012-4kyoto4.pdf,official_daily_result_pdf
2012080405,2012,京都,4,5,2012-10-14,https://www.jra.go.jp/datafile/seiseki/report/2012/2012-4kyoto5.pdf,official_daily_result_pdf
2012080406,2012,京都,4,6,2012-10-20,https://www.jra.go.jp/datafile/seiseki/report/2012/2012-4kyoto6.pdf,official_daily_result_pdf
2012080407,2012,京都,4,7,2012-10-21,https://www.jra.go.jp/datafile/seiseki/report/2012/2012-4kyoto7.pdf,official_daily_result_pdf
2012080408,2012,京都,4,8,2012-10-27,https://www.jra.go.jp/datafile/seiseki/report/2012/2012-4kyoto8.pdf,official_daily_result_pdf
2012080409,2012,京都,4,9,2012-10-28,https://www.jra.go.jp/datafile/seiseki/report/2012/2012-4kyoto9.pdf,official_daily_result_pdf
2012080501,2012,京都,5,1,2012-11-03,https://www.jra.go.jp/datafile/seiseki/report/2012/2012-5kyoto1.pdf,official_daily_result_pdf
2012080502,2012,京都,5,2,2012-11-04,https://www.jra.go.jp/datafile/seiseki/report/2012/2012-5kyoto2.pdf,official_daily_result_pdf
2012080503,2012,京都,5,3,2012-11-10,https://www.jra.go.jp/datafile/seiseki/report/2012/2012-5kyoto3.pdf,official_daily_result_pdf
2012080504,2012,京都,5,4,2012-11-11,https://www.jra.go.jp/datafile/seiseki/report/2012/2012-5kyoto4.pdf,official_daily_result_pdf
2012080505,2012,京都,5,5,2012-11-17,https://www.jra.go.jp/datafile/seiseki/report/2012/2012-5kyoto5.pdf,official_daily_result_pdf
2012080506,2012,京都,5,6,2012-11-18,https://www.jra.go.jp/datafile/seiseki/report/2012/2012-5kyoto6.pdf,official_daily_result_pdf
2012080507,2012,京都,5,7,2012-11-24,https://www.jra.go.jp/datafile/seiseki/report/2012/2012-5kyoto7.pdf,official_daily_result_pdf
2012080508,2012,京都,5,8,2012-11-25,https://www.jra.go.jp/datafile/seiseki/report/2012/2012-5kyoto8.pdf,official_daily_result_pdf
2012090101,2012,阪神,1,1,2012-02-25,https://www.jra.go.jp/datafile/seiseki/report/2012/2012-1hanshin1.pdf,official_daily_result_pdf
2012090102,2012,阪神,1,2,2012-02-26,https://www.jra.go.jp/datafile/seiseki/report/2012/2012-1hanshin2.pdf,official_daily_result_pdf
2012090103,2012,阪神,1,3,2012-03-03,https://www.jra.go.jp/datafile/seiseki/report/2012/2012-1hanshin3.pdf,official_daily_result_pdf
2012090104,2012,阪神,1,4,2012-03-04,https://www.jra.go.jp/datafile/seiseki/report/2012/2012-1hanshin4.pdf,official_daily_result_pdf
2012090105,2012,阪神,1,5,2012-03-10,https://www.jra.go.jp/datafile/seiseki/report/2012/2012-1hanshin5.pdf,official_daily_result_pdf
2012090106,2012,阪神,1,6,2012-03-11,https://www.jra.go.jp/datafile/seiseki/report/2012/2012-1hanshin6.pdf,official_daily_result_pdf
2012090107,2012,阪神,1,7,2012-03-17,https://www.jra.go.jp/datafile/seiseki/report/2012/2012-1hanshin7.pdf,official_daily_result_pdf
2012090108,2012,阪神,1,8,2012-03-18,https://www.jra.go.jp/datafile/seiseki/report/2012/2012-1hanshin8.pdf,official_daily_result_pdf
2012090201,2012,阪神,2,1,2012-03-24,https://www.jra.go.jp/datafile/seiseki/report/2012/2012-2hanshin1.pdf,official_daily_result_pdf
2012090202,2012,阪神,2,2,2012-03-25,https://www.jra.go.jp/datafile/seiseki/report/2012/2012-2hanshin2.pdf,official_daily_result_pdf
2012090203,2012,阪神,2,3,2012-03-31,https://www.jra.go.jp/datafile/seiseki/report/2012/2012-2hanshin3.pdf,official_daily_result_pdf
2012090204,2012,阪神,2,4,2012-04-01,https://www.jra.go.jp/datafile/seiseki/report/2012/2012-2hanshin4.pdf,official_daily_result_pdf
2012090205,2012,阪神,2,5,2012-04-07,https://www.jra.go.jp/datafile/seiseki/report/2012/2012-2hanshin5.pdf,official_daily_result_pdf
2012090206,2012,阪神,2,6,2012-04-08,https://www.jra.go.jp/datafile/seiseki/report/2012/2012-2hanshin6.pdf,official_daily_result_pdf
2012090207,2012,阪神,2,7,2012-04-14,https://www.jra.go.jp/datafile/seiseki/report/2012/2012-2hanshin7.pdf,official_daily_result_pdf
2012090208,2012,阪神,2,8,2012-04-15,https://www.jra.go.jp/datafile/seiseki/report/2012/2012-2hanshin8.pdf,official_daily_result_pdf
2012090301,2012,阪神,3,1,2012-06-02,https://www.jra.go.jp/datafile/seiseki/report/2012/2012-3hanshin1.pdf,official_daily_result_pdf
2012090302,2012,阪神,3,2,2012-06-03,https://www.jra.go.jp/datafile/seiseki/report/2012/2012-3hanshin2.pdf,official_daily_result_pdf
2012090303,2012,阪神,3,3,2012-06-09,https://www.jra.go.jp/datafile/seiseki/report/2012/2012-3hanshin3.pdf,official_daily_result_pdf
2012090304,2012,阪神,3,4,2012-06-10,https://www.jra.go.jp/datafile/seiseki/report/2012/2012-3hanshin4.pdf,official_daily_result_pdf
2012090305,2012,阪神,3,5,2012-06-16,https://www.jra.go.jp/datafile/seiseki/report/2012/2012-3hanshin5.pdf,official_daily_result_pdf
2012090306,2012,阪神,3,6,2012-06-17,https://www.jra.go.jp/datafile/seiseki/report/2012/2012-3hanshin6.pdf,official_daily_result_pdf
2012090307,2012,阪神,3,7,2012-06-23,https://www.jra.go.jp/datafile/seiseki/report/2012/2012-3hanshin7.pdf,official_daily_result_pdf
2012090308,2012,阪神,3,8,2012-06-24,https://www.jra.go.jp/datafile/seiseki/report/2012/2012-3hanshin8.pdf,official_daily_result_pdf
2012090401,2012,阪神,4,1,2012-09-08,https://www.jra.go.jp/datafile/seiseki/report/2012/2012-4hanshin1.pdf,official_daily_result_pdf
2012090402,2012,阪神,4,2,2012-09-09,https://www.jra.go.jp/datafile/seiseki/report/2012/2012-4hanshin2.pdf,official_daily_result_pdf
2012090403,2012,阪神,4,3,2012-09-15,https://www.jra.go.jp/datafile/seiseki/report/2012/2012-4hanshin3.pdf,official_daily_result_pdf
2012090404,2012,阪神,4,4,2012-09-16,https://www.jra.go.jp/datafile/seiseki/report/2012/2012-4hanshin4.pdf,official_daily_result_pdf
2012090405,2012,阪神,4,5,2012-09-17,https://www.jra.go.jp/datafile/seiseki/report/2012/2012-4hanshin5.pdf,official_daily_result_pdf
2012090406,2012,阪神,4,6,2012-09-22,https://www.jra.go.jp/datafile/seiseki/report/2012/2012-4hanshin6.pdf,official_daily_result_pdf
2012090407,2012,阪神,4,7,2012-09-23,https://www.jra.go.jp/datafile/seiseki/report/2012/2012-4hanshin7.pdf,official_daily_result_pdf
2012090408,2012,阪神,4,8,2012-09-29,https://www.jra.go.jp/datafile/seiseki/report/2012/2012-4hanshin8.pdf,official_daily_result_pdf
2012090409,2012,阪神,4,9,2012-10-01,https://www.jra.go.jp/datafile/seiseki/report/2012/2012-4hanshin9.pdf,official_daily_result_pdf
2012090501,2012,阪神,5,1,2012-12-01,https://www.jra.go.jp/datafile/seiseki/report/2012/2012-5hanshin1.pdf,official_daily_result_pdf
2012090502,2012,阪神,5,2,2012-12-02,https://www.jra.go.jp/datafile/seiseki/report/2012/2012-5hanshin2.pdf,official_daily_result_pdf
2012090503,2012,阪神,5,3,2012-12-08,https://www.jra.go.jp/datafile/seiseki/report/2012/2012-5hanshin3.pdf,official_daily_result_pdf
2012090504,2012,阪神,5,4,2012-12-09,https://www.jra.go.jp/datafile/seiseki/report/2012/2012-5hanshin4.pdf,official_daily_result_pdf
2012090505,2012,阪神,5,5,2012-12-15,https://www.jra.go.jp/datafile/seiseki/report/2012/2012-5hanshin5.pdf,official_daily_result_pdf
2012090506,2012,阪神,5,6,2012-12-16,https://www.jra.go.jp/datafile/seiseki/report/2012/2012-5hanshin6.pdf,official_daily_result_pdf
2012090507,2012,阪神,5,7,2012-12-22,https://www.jra.go.jp/datafile/seiseki/report/2012/2012-5hanshin7.pdf,official_daily_result_pdf
2012090508,2012,阪神,5,8,2012-12-23,https://www.jra.go.jp/datafile/seiseki/report/2012/2012-5hanshin8.pdf,official_daily_result_pdf
2012090509,2012,阪神,5,9,2012-12-24,https://www.jra.go.jp/datafile/seiseki/report/2012/2012-5hanshin9.pdf,official_daily_result_pdf
2012100101,2012,小倉,1,1,2012-01-14,https://www.jra.go.jp/datafile/seiseki/report/2012/2012-1kokura1.pdf,official_daily_result_pdf
2012100102,2012,小倉,1,2,2012-01-15,https://www.jra.go.jp/datafile/seiseki/report/2012/2012-1kokura2.pdf,official_daily_result_pdf
2012100103,2012,小倉,1,3,2012-01-21,https://www.jra.go.jp/datafile/seiseki/report/2012/2012-1kokura3.pdf,official_daily_result_pdf
2012100104,2012,小倉,1,4,2012-01-22,https://www.jra.go.jp/datafile/seiseki/report/2012/2012-1kokura4.pdf,official_daily_result_pdf
2012100105,2012,小倉,1,5,2012-01-28,https://www.jra.go.jp/datafile/seiseki/report/2012/2012-1kokura5.pdf,official_daily_result_pdf
2012100106,2012,小倉,1,6,2012-01-29,https://www.jra.go.jp/datafile/seiseki/report/2012/2012-1kokura6.pdf,official_daily_result_pdf
2012100107,2012,小倉,1,7,2012-02-04,https://www.jra.go.jp/datafile/seiseki/report/2012/2012-1kokura7.pdf,official_daily_result_pdf
2012100108,2012,小倉,1,8,2012-02-05,https://www.jra.go.jp/datafile/seiseki/report/2012/2012-1kokura8.pdf,official_daily_result_pdf
2012100109,2012,小倉,1,9,2012-02-11,https://www.jra.go.jp/datafile/seiseki/report/2012/2012-1kokura9.pdf,official_daily_result_pdf
2012100110,2012,小倉,1,10,2012-02-12,https://www.jra.go.jp/datafile/seiseki/report/2012/2012-1kokura10.pdf,official_daily_result_pdf
2012100201,2012,小倉,2,1,2012-07-28,https://www.jra.go.jp/datafile/seiseki/report/2012/2012-2kokura1.pdf,official_daily_result_pdf
2012100202,2012,小倉,2,2,2012-07-29,https://www.jra.go.jp/datafile/seiseki/report/2012/2012-2kokura2.pdf,official_daily_result_pdf
2012100203,2012,小倉,2,3,2012-08-04,https://www.jra.go.jp/datafile/seiseki/report/2012/2012-2kokura3.pdf,official_daily_result_pdf
2012100204,2012,小倉,2,4,2012-08-05,https://www.jra.go.jp/datafile/seiseki/report/2012/2012-2kokura4.pdf,official_daily_result_pdf
2012100205,2012,小倉,2,5,2012-08-11,https://www.jra.go.jp/datafile/seiseki/report/2012/2012-2kokura5.pdf,official_daily_result_pdf
2012100206,2012,小倉,2,6,2012-08-12,https://www.jra.go.jp/datafile/seiseki/report/2012/2012-2kokura6.pdf,official_daily_result_pdf
2012100207,2012,小倉,2,7,2012-08-18,https://www.jra.go.jp/datafile/seiseki/report/2012/2012-2kokura7.pdf,official_daily_result_pdf
2012100208,2012,小倉,2,8,2012-08-19,https://www.jra.go.jp/datafile/seiseki/report/2012/2012-2kokura8.pdf,official_daily_result_pdf
2012100209,2012,小倉,2,9,2012-08-25,https://www.jra.go.jp/datafile/seiseki/report/2012/2012-2kokura9.pdf,official_daily_result_pdf
2012100210,2012,小倉,2,10,2012-08-26,https://www.jra.go.jp/datafile/seiseki/report/2012/2012-2kokura10.pdf,official_daily_result_pdf
2012100211,2012,小倉,2,11,2012-09-01,https://www.jra.go.jp/datafile/seiseki/report/2012/2012-2kokura11.pdf,official_daily_result_pdf
2012100212,2012,小倉,2,12,2012-09-02,https://www.jra.go.jp/datafile/seiseki/report/2012/2012-2kokura12.pdf,official_daily_result_pdf
