period,model,bin,rows,mean_predicted,observed_top3_rate,min_predicted,max_predicted,calibration_gap
2024_market_gate,market_raw,0,312,0.012436283357808072,0.022435897435897436,0.003953348184713546,0.019057367655555282,0.009999614078089364
2024_market_gate,market_raw,1,312,0.027143736339286573,0.038461538461538464,0.01905931463284608,0.03576896333293345,0.011317802122251891
2024_market_gate,market_raw,2,312,0.04640667911004096,0.09294871794871795,0.035854232016767115,0.057797997011130385,0.04654203883867699
2024_market_gate,market_raw,3,312,0.07234536182330681,0.08012820512820513,0.05786737927750117,0.08736156156541791,0.007782843304898326
2024_market_gate,market_raw,4,312,0.10714028489462561,0.11538461538461539,0.08736807521880952,0.12655928674027,0.008244330489989779
2024_market_gate,market_raw,5,311,0.152734783989125,0.18971061093247588,0.12661794693179762,0.18348274941262033,0.03697582694335089
2024_market_gate,market_raw,6,312,0.21625448191016075,0.2403846153846154,0.18401590747956922,0.2581271742944064,0.02413013347445464
2024_market_gate,market_raw,7,312,0.31155604830092964,0.3333333333333333,0.2582847991334585,0.37007805783748954,0.02177728503240367
2024_market_gate,market_raw,8,312,0.4418987602413527,0.3974358974358974,0.37043171675135284,0.5176279456921264,-0.044462862805455305
2024_market_gate,market_raw,9,312,0.6621042268103762,0.5705128205128205,0.5189509849471317,0.9611500676988218,-0.09159140629755569
2024_market_gate,market_calibrated,0,312,0.024629517106433754,0.022435897435897436,0.01007635964030234,0.034710805613455284,-0.0021936196705363183
2024_market_gate,market_calibrated,1,312,0.04562185672335011,0.038461538461538464,0.03471357863906062,0.056712228436199816,-0.007160318261811648
2024_market_gate,market_calibrated,2,312,0.06930588892914817,0.09294871794871795,0.056817300025580164,0.08228646274536404,0.02364282901956978
2024_market_gate,market_calibrated,3,312,0.0977551319624621,0.08012820512820513,0.08236290766453119,0.11323958047323601,-0.01762692683425697
2024_market_gate,market_calibrated,4,312,0.1324380268684298,0.11538461538461539,0.11324609958945327,0.15076187722924678,-0.017053411483814396
2024_market_gate,market_calibrated,5,311,0.17418508262884852,0.18971061093247588,0.1508158652431763,0.20101883587386432,0.015525528303627356
2024_market_gate,market_calibrated,6,312,0.2283477305782038,0.2403846153846154,0.20147291264093392,0.2625975799584485,0.012036884806411602
2024_market_gate,market_calibrated,7,312,0.30486421485381515,0.3333333333333333,0.2627242343158371,0.3506387843731788,0.028469118479518163
2024_market_gate,market_calibrated,8,312,0.4064442420521167,0.3974358974358974,0.3509132739595552,0.4656765833987547,-0.0090083446162193
2024_market_gate,market_calibrated,9,312,0.5903967410826886,0.5705128205128205,0.4667245504042432,0.9134136274962479,-0.019883920569868097
2024_blend_selection,blend_w0.00,0,312,0.024629517106433754,0.022435897435897436,0.01007635964030234,0.034710805613455284,-0.0021936196705363183
2024_blend_selection,blend_w0.00,1,312,0.04562185672335011,0.038461538461538464,0.03471357863906062,0.056712228436199816,-0.007160318261811648
2024_blend_selection,blend_w0.00,2,312,0.06930588892914817,0.09294871794871795,0.056817300025580164,0.08228646274536404,0.02364282901956978
2024_blend_selection,blend_w0.00,3,312,0.0977551319624621,0.08012820512820513,0.08236290766453119,0.11323958047323601,-0.01762692683425697
2024_blend_selection,blend_w0.00,4,312,0.1324380268684298,0.11538461538461539,0.11324609958945327,0.15076187722924678,-0.017053411483814396
2024_blend_selection,blend_w0.00,5,311,0.17418508262884852,0.18971061093247588,0.1508158652431763,0.20101883587386432,0.015525528303627356
2024_blend_selection,blend_w0.00,6,312,0.2283477305782038,0.2403846153846154,0.20147291264093392,0.2625975799584485,0.012036884806411602
2024_blend_selection,blend_w0.00,7,312,0.30486421485381515,0.3333333333333333,0.2627242343158371,0.3506387843731788,0.028469118479518163
2024_blend_selection,blend_w0.00,8,312,0.4064442420521167,0.3974358974358974,0.3509132739595552,0.4656765833987547,-0.0090083446162193
2024_blend_selection,blend_w0.00,9,312,0.5903967410826886,0.5705128205128205,0.4667245504042432,0.9134136274962479,-0.019883920569868097
2024_blend_selection,blend_w0.05,0,312,0.026285343360329644,0.022435897435897436,0.01062138967711075,0.03680761791258013,-0.003849445924432208
2024_blend_selection,blend_w0.05,1,312,0.04792584903590559,0.04487179487179487,0.0368294249665692,0.059590224453044426,-0.0030540541641107186
2024_blend_selection,blend_w0.05,2,312,0.0719437497365104,0.08333333333333333,0.05971350459656562,0.08431874415323266,0.011389583596822933
2024_blend_selection,blend_w0.05,3,312,0.10018222870395457,0.08653846153846154,0.08435185905603573,0.11533915209004192,-0.013643767165493037
2024_blend_selection,blend_w0.05,4,312,0.13480984823981507,0.10576923076923077,0.11584002011631955,0.153370599413079,-0.0290406174705843
2024_blend_selection,blend_w0.05,5,311,0.1761806125888436,0.19614147909967847,0.15340170860732383,0.20105451682377135,0.019960866510834868
2024_blend_selection,blend_w0.05,6,312,0.2282853516759504,0.2403846153846154,0.20149101290608687,0.2619979642703341,0.012099263708664987
2024_blend_selection,blend_w0.05,7,312,0.30324594116607057,0.3333333333333333,0.26232176176591543,0.3492085729403095,0.03008739216726275
2024_blend_selection,blend_w0.05,8,312,0.40279957862113897,0.3974358974358974,0.34959441252854956,0.4631822254794736,-0.005363681185241553
2024_blend_selection,blend_w0.05,9,312,0.5826774725021513,0.5705128205128205,0.4632778396198424,0.9067518681254635,-0.01216465198933081
2024_blend_selection,blend_w0.10,0,312,0.027735940839839907,0.019230769230769232,0.011166419713919159,0.03936296107300047,-0.008505171609070675
2024_blend_selection,blend_w0.10,1,312,0.050129822607879744,0.04807692307692308,0.039379496791164155,0.0627976548680785,-0.0020528995309566644
2024_blend_selection,blend_w0.10,2,312,0.07453419821230642,0.07692307692307693,0.06279963336067967,0.08725598785679789,0.002388878710770509
2024_blend_selection,blend_w0.10,3,312,0.10264079224054047,0.09294871794871795,0.08728506425314494,0.11824056715020767,-0.00969207429182252
2024_blend_selection,blend_w0.10,4,312,0.13693964462482458,0.10576923076923077,0.1182861524411744,0.1551195936777505,-0.031170413855593812
2024_blend_selection,blend_w0.10,5,311,0.17828364730459786,0.19614147909967847,0.15518962053476093,0.20168973929155112,0.017857831795080603
2024_blend_selection,blend_w0.10,6,312,0.2283728498224125,0.23717948717948717,0.20176908538703608,0.26159257097047195,0.008806637357074681
2024_blend_selection,blend_w0.10,7,312,0.30168749876277906,0.3333333333333333,0.26174046394170736,0.34584911406151164,0.031645834570554254
2024_blend_selection,blend_w0.10,8,312,0.3991222020507669,0.3942307692307692,0.3464132899028227,0.45930809958078433,-0.00489143281999771
2024_blend_selection,blend_w0.10,9,312,0.5752372665764213,0.5769230769230769,0.4596951186989978,0.9000901087546792,0.001685810346655603
2024_blend_selection,blend_w0.15,0,312,0.029014244406998485,0.016025641025641024,0.011711449750727567,0.041222533282334786,-0.01298860338135746
2024_blend_selection,blend_w0.15,1,312,0.052277713014080206,0.05128205128205128,0.041320290963193104,0.06431427730447263,-0.0009956617320289254
2024_blend_selection,blend_w0.15,2,312,0.0769999537426074,0.08012820512820513,0.0643716234624482,0.08941559431048184,0.003128251385597733
2024_blend_selection,blend_w0.15,3,312,0.10500760142666292,0.10256410256410256,0.08971774292651244,0.12011409654639386,-0.0024434988625603588
2024_blend_selection,blend_w0.15,4,312,0.13902509384110204,0.09935897435897435,0.1202366282799934,0.15800900598073342,-0.039666119482127685
2024_blend_selection,blend_w0.15,5,311,0.18053137033802727,0.1864951768488746,0.15801820636829614,0.20238217455313873,0.005963806510847325
2024_blend_selection,blend_w0.15,6,312,0.22849033450097386,0.24358974358974358,0.20239688063288191,0.25891078697372333,0.015099409088769722
2024_blend_selection,blend_w0.15,7,312,0.3000741781513341,0.3141025641025641,0.2590628908936616,0.34218712056595824,0.014028385951230016
2024_blend_selection,blend_w0.15,8,312,0.39554817951038335,0.41346153846153844,0.3423900047548768,0.4547181053323917,0.01791335895115509
2024_blend_selection,blend_w0.15,9,312,0.5680635452665052,0.5737179487179487,0.45490097549801606,0.8934283493838948,0.005654403451443524
2024_blend_selection,blend_w0.20,0,312,0.030118182297516193,0.016025641025641024,0.012256479787535976,0.0436717275540353,-0.014092541271875168
2024_blend_selection,blend_w0.20,1,312,0.05439425426887253,0.057692307692307696,0.04367956690191413,0.0658607417507926,0.003298053423435164
2024_blend_selection,blend_w0.20,2,312,0.07935812609926857,0.07371794871794872,0.06599782496466235,0.09252091899722487,-0.005640177381319847
2024_blend_selection,blend_w0.20,3,312,0.10724331913522235,0.10576923076923077,0.09257488193828922,0.12247212863941605,-0.0014740883659915827
2024_blend_selection,blend_w0.20,4,312,0.1412270608219462,0.09935897435897435,0.12247631982058776,0.15978013619749237,-0.04186808646297184
2024_blend_selection,blend_w0.20,5,311,0.18249469175862246,0.17041800643086816,0.1598014326618264,0.20408926093173382,-0.0120766853277543
2024_blend_selection,blend_w0.20,6,312,0.22893265533208165,0.25,0.20437249287202353,0.2570511909323781,0.021067344667918347
2024_blend_selection,blend_w0.20,7,312,0.29836848590952697,0.3141025641025641,0.2571966406058755,0.33932091107548956,0.015734078193037127
2024_blend_selection,blend_w0.20,8,312,0.392128138136361,0.4198717948717949,0.339404728400624,0.4497383828599991,0.027743656735433886
2024_blend_selection,blend_w0.20,9,312,0.5611147400519324,0.5737179487179487,0.4502607596504801,0.8867665900131105,0.012603208666016275
2024_blend_selection,blend_w0.25,0,312,0.031165093758585553,0.016025641025641024,0.012801509824344385,0.04470007685775461,-0.01513945273294453
2024_blend_selection,blend_w0.25,1,312,0.05632812534914594,0.0641025641025641,0.0447311624870228,0.06852670213948071,0.007774438753418156
2024_blend_selection,blend_w0.25,2,312,0.08158036300411856,0.0641025641025641,0.06854399545574814,0.09424515300465769,-0.01747779890155446
2024_blend_selection,blend_w0.25,3,312,0.10950899149186571,0.10897435897435898,0.09424800351173497,0.12433527482091741,-0.000534632517506739
2024_blend_selection,blend_w0.25,4,312,0.14344736239745162,0.10256410256410256,0.12440531927407669,0.16274242034552489,-0.04088325983334906
2024_blend_selection,blend_w0.25,5,311,0.1840733740705908,0.15755627009646303,0.16274666190052686,0.20509271401006335,-0.026517103974127765
2024_blend_selection,blend_w0.25,6,312,0.2296818075710935,0.2532051282051282,0.2051395809527295,0.2573319253237717,0.0235233206340347
2024_blend_selection,blend_w0.25,7,312,0.2967183903073095,0.32371794871794873,0.25744366779232336,0.33762696391986713,0.026999558410639224
2024_blend_selection,blend_w0.25,8,312,0.38871804605115523,0.4230769230769231,0.337977853589959,0.44551084977589145,0.03435887702576784
2024_blend_selection,blend_w0.25,9,312,0.5545043066050533,0.5673076923076923,0.44558323251819143,0.8801048306423261,0.012803385702638947
2024_blend_selection,blend_w0.30,0,312,0.0321518263631391,0.016025641025641024,0.013346539861152792,0.04609821509223627,-0.016126185337498072
2024_blend_selection,blend_w0.30,1,312,0.05806743152800022,0.0673076923076923,0.046112341231643206,0.07076570817343723,0.009240260779692082
2024_blend_selection,blend_w0.30,2,312,0.08364102041976676,0.060897435897435896,0.07080731560339028,0.09670168064004528,-0.022743584522330863
2024_blend_selection,blend_w0.30,3,312,0.11180917193824208,0.10256410256410256,0.0967711489322585,0.1259758682911747,-0.00924506937413952
2024_blend_selection,blend_w0.30,4,312,0.1456668760556797,0.10576923076923077,0.12608089011266904,0.16448150529143038,-0.03989764528644894
2024_blend_selection,blend_w0.30,5,311,0.1855039749073684,0.17041800643086816,0.16452352799094336,0.20631986173233396,-0.015085968476500233
2024_blend_selection,blend_w0.30,6,312,0.23056856371305878,0.2564102564102564,0.20632395632194317,0.2582888247241687,0.025841692697197605
2024_blend_selection,blend_w0.30,7,312,0.29507887842899444,0.3173076923076923,0.25853047436499615,0.3361602279733317,0.02222881387869785
2024_blend_selection,blend_w0.30,8,312,0.38548292530285305,0.4198717948717949,0.33626977343817743,0.44115654855143627,0.03438886956894183
2024_blend_selection,blend_w0.30,9,312,0.5481009241241738,0.5641025641025641,0.4415298558074179,0.8734430712715419,0.016001639978390325
2024_blend_selection,blend_w0.35,0,312,0.03305595276069062,0.019230769230769232,0.013408472122717842,0.04714609871493089,-0.01382518352992139
2024_blend_selection,blend_w0.35,1,312,0.05963702442562322,0.0673076923076923,0.04741611790512159,0.07204167721320912,0.0076706678820690835
2024_blend_selection,blend_w0.35,2,312,0.0856592817338162,0.05448717948717949,0.07209625822769744,0.09940061786690632,-0.031172102246636718
2024_blend_selection,blend_w0.35,3,312,0.11401816860386922,0.10576923076923077,0.0994066720400969,0.12856060850189832,-0.008248937834638453
2024_blend_selection,blend_w0.35,4,312,0.14778752126058553,0.11538461538461539,0.1286441007271851,0.16721870270680597,-0.03240290587597014
2024_blend_selection,blend_w0.35,5,311,0.1869009436605203,0.16720257234726688,0.1672651328329901,0.2071038826383374,-0.019698371313253416
2024_blend_selection,blend_w0.35,6,312,0.2312910731046687,0.2532051282051282,0.2072556631846547,0.2574304200642423,0.02191405510045949
2024_blend_selection,blend_w0.35,7,312,0.2936421916258755,0.2948717948717949,0.2575097552842964,0.3329533325156667,0.001229603245919364
2024_blend_selection,blend_w0.35,8,312,0.3825728293686045,0.4423076923076923,0.3338651817266363,0.4377272377774214,0.05973486293908781
2024_blend_selection,blend_w0.35,9,312,0.5418522306167897,0.5608974358974359,0.4377300455020935,0.8667813119007576,0.019045205280646238
2024_blend_selection,blend_w0.40,0,312,0.03388848944968491,0.019230769230769232,0.01335302442745309,0.048170416915465725,-0.014657720218915676
2024_blend_selection,blend_w0.40,1,312,0.06110269143195896,0.07051282051282051,0.048192029223724654,0.07441036080203421,0.00941012908086155
2024_blend_selection,blend_w0.40,2,312,0.0875609350037006,0.060897435897435896,0.07441048121271295,0.10188019724983605,-0.026663499106264706
2024_blend_selection,blend_w0.40,3,312,0.11611205063491137,0.10256410256410256,0.1018979005534815,0.13057815071419182,-0.013547948070808807
2024_blend_selection,blend_w0.40,4,312,0.1498117940982537,0.11858974358974358,0.13065759889314935,0.16921122313705192,-0.031222050508510124
2024_blend_selection,blend_w0.40,5,311,0.18843015097775423,0.1607717041800643,0.1693372722635803,0.20763724725390872,-0.027658446797689917
2024_blend_selection,blend_w0.40,6,312,0.23163001562521168,0.25961538461538464,0.20822419665828157,0.25688419177462113,0.027985368990172954
2024_blend_selection,blend_w0.40,7,312,0.29249598100368207,0.27884615384615385,0.25705580708659787,0.3309579835638117,-0.013649827157528216
2024_blend_selection,blend_w0.40,8,312,0.3798891286888021,0.44551282051282054,0.3313684331398767,0.43410114083845996,0.06562369182401845
2024_blend_selection,blend_w0.40,9,312,0.5358420284684022,0.5641025641025641,0.43520174015668955,0.8601195525299732,0.028260535634161865
2024_blend_selection,blend_w0.45,0,312,0.03463479702382012,0.019230769230769232,0.013297576732188336,0.049924113444019064,-0.01540402779305089
2024_blend_selection,blend_w0.45,1,312,0.062495163330883285,0.0641025641025641,0.04993307009201833,0.07621009405268647,0.0016074007716808114
2024_blend_selection,blend_w0.45,2,312,0.08937092229214495,0.07051282051282051,0.07628675013845064,0.10350273369867949,-0.01885810177932444
2024_blend_selection,blend_w0.45,3,312,0.11805562685254017,0.09615384615384616,0.10363893263608093,0.1335700748459127,-0.021901780698694015
2024_blend_selection,blend_w0.45,4,312,0.15176962516741904,0.1282051282051282,0.1336264036214589,0.1707222054764049,-0.02356449696229085
2024_blend_selection,blend_w0.45,5,311,0.18986781279957754,0.17684887459807075,0.17076656965363352,0.21025117045756486,-0.013018938201506791
2024_blend_selection,blend_w0.45,6,312,0.2318225318073442,0.23717948717948717,0.21025140194608627,0.2574740075694272,0.00535695537214298
2024_blend_selection,blend_w0.45,7,312,0.2915454806568835,0.28846153846153844,0.25774175112324155,0.3292154312176373,-0.0030839421953450796
2024_blend_selection,blend_w0.45,8,312,0.3773995131129892,0.4423076923076923,0.3297155337255645,0.4318410049632906,0.0649081791947031
2024_blend_selection,blend_w0.45,9,312,0.5301475471450291,0.5576923076923077,0.43260084129017284,0.8534577931591889,0.027544760547278613
2024_blend_selection,blend_w0.50,0,312,0.0353216095028101,0.019230769230769232,0.01324212903692358,0.05105124025921588,-0.01609084027204087
2024_blend_selection,blend_w0.50,1,312,0.06371684004393749,0.060897435897435896,0.051096285340729325,0.07797149611996443,-0.002819404146501593
2024_blend_selection,blend_w0.50,2,312,0.09120433350055554,0.07051282051282051,0.07808845571821108,0.10458480015339636,-0.020691512987735028
2024_blend_selection,blend_w0.50,3,312,0.11986490418122553,0.09294871794871795,0.10461081895803259,0.13667614882995655,-0.026916186232507577
2024_blend_selection,blend_w0.50,4,312,0.153578427872326,0.1346153846153846,0.1367194437333204,0.17195573642548345,-0.018963043256941398
2024_blend_selection,blend_w0.50,5,311,0.19098652900167917,0.18971061093247588,0.17211072246772374,0.21172820814937332,-0.0012759180692032968
2024_blend_selection,blend_w0.50,6,312,0.23236304555656437,0.22435897435897437,0.2120550754049066,0.25890221678729847,-0.008004071197590001
2024_blend_selection,blend_w0.50,7,312,0.290735912482596,0.2916666666666667,0.25891130988906946,0.3266529379719147,0.0009307541840706812
2024_blend_selection,blend_w0.50,8,312,0.37494324563623066,0.4326923076923077,0.3266904328148432,0.42819199143668796,0.05774906205607705
2024_blend_selection,blend_w0.50,9,312,0.5247389049553736,0.5641025641025641,0.4287325068399387,0.8467960337884046,0.03936365914719053
2024_blend_selection,blend_w0.55,0,312,0.03596535998522365,0.019230769230769232,0.013186681341658825,0.051968964943024866,-0.016734590754454416
2024_blend_selection,blend_w0.55,1,312,0.06477355697467506,0.060897435897435896,0.05201927094554483,0.07883291626822439,-0.0038761210772391627
2024_blend_selection,blend_w0.55,2,312,0.09296774951233577,0.07371794871794872,0.07919067675300195,0.10584657832802136,-0.019249800794387054
2024_blend_selection,blend_w0.55,3,312,0.1215572513914798,0.09615384615384616,0.10594057419048877,0.13794119907715743,-0.02540340523763364
2024_blend_selection,blend_w0.55,4,312,0.1552937221271423,0.13141025641025642,0.1382271164565551,0.1732664379564432,-0.023883465716885877
2024_blend_selection,blend_w0.55,5,311,0.1919653770720233,0.1832797427652733,0.1733529505832469,0.2120373651535775,-0.008685634306749984
2024_blend_selection,blend_w0.55,6,312,0.23292341363704375,0.23076923076923078,0.2120559145355016,0.2574865276907221,-0.002154182867812965
2024_blend_selection,blend_w0.55,7,312,0.2900970260011057,0.2916666666666667,0.2576360210957471,0.32515537379830817,0.0015696406655609785
2024_blend_selection,blend_w0.55,8,312,0.37238641775567377,0.4326923076923077,0.32522795283756534,0.4250410027853151,0.06030588993663394
2024_blend_selection,blend_w0.55,9,312,0.5198681625259686,0.5608974358974359,0.42512032707136393,0.8401342744176202,0.041029273371467334
2024_blend_selection,blend_w0.60,0,312,0.03655386392202534,0.016025641025641024,0.013131233646394073,0.05315548438717746,-0.020528222896384313
2024_blend_selection,blend_w0.60,1,312,0.06575246238632197,0.0673076923076923,0.05316050715672224,0.08004939961356886,0.0015552299213703324
2024_blend_selection,blend_w0.60,2,312,0.0945074989623866,0.08333333333333333,0.08005254920083037,0.10787896458900592,-0.011174165629053268
2024_blend_selection,blend_w0.60,3,312,0.12326340462012184,0.08653846153846154,0.10796753797155895,0.13971499490512868,-0.0367249430816603
2024_blend_selection,blend_w0.60,4,312,0.15679357267580196,0.1346153846153846,0.13977674591279865,0.1735438527615705,-0.022178188060417353
2024_blend_selection,blend_w0.60,5,311,0.19279543421527595,0.17684887459807075,0.1735912298459456,0.21115960564806707,-0.015946559617205203
2024_blend_selection,blend_w0.60,6,312,0.23360137426188943,0.22756410256410256,0.21130887654054828,0.2574490631282037,-0.006037271697786867
2024_blend_selection,blend_w0.60,7,312,0.28911965412029483,0.3141025641025641,0.25756700206229,0.324271352116678,0.024982909982269264
2024_blend_selection,blend_w0.60,8,312,0.370409069897707,0.41025641025641024,0.32444889354154705,0.4255699044980902,0.03984734035870324
2024_blend_selection,blend_w0.60,9,312,0.515345509276223,0.5641025641025641,0.4257044873261381,0.8334725150468358,0.04875705482634107
2024_blend_selection,blend_w0.65,0,312,0.03707472629275304,0.019230769230769232,0.013075785951129317,0.05405277460575822,-0.017843957061983808
2024_blend_selection,blend_w0.65,1,312,0.06663486267207697,0.0641025641025641,0.05409939602864147,0.08067660325113621,-0.0025322985695128697
2024_blend_selection,blend_w0.65,2,312,0.09585108523204096,0.09294871794871795,0.08105869310658179,0.10989863246120067,-0.002902367283323007
2024_blend_selection,blend_w0.65,3,312,0.12491589736133675,0.07692307692307693,0.10994471435542462,0.14041378851730618,-0.04799282043825982
2024_blend_selection,blend_w0.65,4,312,0.15814168338410617,0.1282051282051282,0.140453081810127,0.17545271196433565,-0.029936555178977975
2024_blend_selection,blend_w0.65,5,311,0.19327749476225825,0.20257234726688103,0.1758219100991164,0.21301862289117532,0.00929485250462278
2024_blend_selection,blend_w0.65,6,312,0.2343945207049368,0.20512820512820512,0.21316652615744192,0.25824879012294844,-0.029266315576731677
2024_blend_selection,blend_w0.65,7,312,0.28838934619479484,0.3269230769230769,0.2583795680506976,0.32394879257695985,0.03853373072828209
2024_blend_selection,blend_w0.65,8,312,0.36867043183454495,0.40384615384615385,0.32407538667488855,0.42143979162572615,0.0351757220116089
2024_blend_selection,blend_w0.65,9,312,0.5111344878808693,0.5608974358974359,0.4214528429135642,0.8268107556760516,0.049762948016566555
2024_blend_selection,blend_w0.70,0,312,0.03751171257122085,0.019230769230769232,0.012779978930885122,0.054350622941750304,-0.01828094334045162
2024_blend_selection,blend_w0.70,1,312,0.06746780459894934,0.07051282051282051,0.054352432283197596,0.08128650953330152,0.0030450159138711713
2024_blend_selection,blend_w0.70,2,312,0.09701032903964696,0.09615384615384616,0.08130065730144206,0.11260764531143602,-0.0008564828858007995
2024_blend_selection,blend_w0.70,3,312,0.12651967229308106,0.08653846153846154,0.11261155672258769,0.14137243630264548,-0.03998121075461952
2024_blend_selection,blend_w0.70,4,312,0.15913412580260294,0.13141025641025642,0.14147736624141113,0.17708107970437187,-0.02772386939234653
2024_blend_selection,blend_w0.70,5,311,0.19392790134909932,0.17684887459807075,0.17709764587980842,0.21310906704926674,-0.01707902675102857
2024_blend_selection,blend_w0.70,6,312,0.23474940998966462,0.21474358974358973,0.21325886610949554,0.25827933115661145,-0.02000582024607489
2024_blend_selection,blend_w0.70,7,312,0.28795718689285066,0.32371794871794873,0.2583747422037641,0.3242819051211848,0.035760761825098075
2024_blend_selection,blend_w0.70,8,312,0.3671122875787526,0.41025641025641024,0.3245330727321725,0.4172499696247025,0.04314412267765766
2024_blend_selection,blend_w0.70,9,312,0.5074373377561607,0.5512820512820513,0.4178770635412317,0.8201489963052673,0.04384471352589059
2024_blend_selection,blend_w0.75,0,312,0.03787317318139557,0.02564102564102564,0.012277379698756224,0.05476741193193717,-0.012232147540369928
2024_blend_selection,blend_w0.75,1,312,0.06822564771431952,0.060897435897435896,0.0548724212714794,0.08204636282910599,-0.007328211816883624
2024_blend_selection,blend_w0.75,2,312,0.0981286578808348,0.10576923076923077,0.08211394932712353,0.11312713330035112,0.007640572888395966
2024_blend_selection,blend_w0.75,3,312,0.1278342766139223,0.08653846153846154,0.1131625479412219,0.1430100139667793,-0.04129581507546076
2024_blend_selection,blend_w0.75,4,312,0.15993474975388666,0.13782051282051283,0.14315698048461017,0.17753123376028018,-0.022114236933373832
2024_blend_selection,blend_w0.75,5,311,0.19468104392572283,0.17684887459807075,0.17763292594427935,0.21335622740504956,-0.01783216932765208
2024_blend_selection,blend_w0.75,6,312,0.23477056509878066,0.21474358974358973,0.21370334296560395,0.25870197055083166,-0.020026975355190935
2024_blend_selection,blend_w0.75,7,312,0.2879377042965866,0.3141025641025641,0.2589572394093069,0.32322805531279675,0.02616485980597749
2024_blend_selection,blend_w0.75,8,312,0.36555168189840753,0.41346153846153844,0.32326165069640017,0.41303405306260843,0.047909856563130904
2024_blend_selection,blend_w0.75,9,312,0.504233828342502,0.5448717948717948,0.41318895596691063,0.813487236934483,0.04063796652929286
2024_blend_selection,blend_w0.80,0,312,0.03812117885396439,0.03205128205128205,0.011774780466627329,0.054922391068723486,-0.0060698968026823424
2024_blend_selection,blend_w0.80,1,312,0.06891533556857816,0.0641025641025641,0.05492415437699852,0.08278035182895402,-0.004812771466014068
2024_blend_selection,blend_w0.80,2,312,0.09904292567369631,0.09615384615384616,0.08287755801350609,0.1151998263040678,-0.0028890795198501518
2024_blend_selection,blend_w0.80,3,312,0.12901561734229877,0.08974358974358974,0.11526736683936933,0.14300822654260234,-0.03927202759870903
2024_blend_selection,blend_w0.80,4,312,0.16055462016485397,0.16346153846153846,0.1430164301402799,0.1770637311934946,0.002906918296684491
2024_blend_selection,blend_w0.80,5,311,0.19531870388524597,0.1607717041800643,0.1771982164314071,0.21307789872001337,-0.03454699970518166
2024_blend_selection,blend_w0.80,6,312,0.2350029718611785,0.1955128205128205,0.2130972493163872,0.2577278498486912,-0.03949015134835798
2024_blend_selection,blend_w0.80,7,312,0.2879911770325287,0.3301282051282051,0.2578913438491255,0.3211376279634876,0.04213702809567643
2024_blend_selection,blend_w0.80,8,312,0.3640187764005723,0.40384615384615385,0.32161311299854217,0.4133525938865538,0.03982737744558157
2024_blend_selection,blend_w0.80,9,312,0.5015332126211772,0.5448717948717948,0.41341266661121107,0.8068254775636986,0.0433385822506176
2024_blend_selection,blend_w0.85,0,312,0.0382964039457894,0.028846153846153848,0.011272181234498432,0.05592884676186672,-0.00945025009963555
2024_blend_selection,blend_w0.85,1,312,0.06946279004157407,0.07371794871794872,0.055955710330744826,0.08306247410449275,0.004255158676374646
2024_blend_selection,blend_w0.85,2,312,0.09985103800372255,0.10256410256410256,0.08309072458265779,0.1160172713430238,0.0027130645603800074
2024_blend_selection,blend_w0.85,3,312,0.12994392690326595,0.08974358974358974,0.11614308669939735,0.14485352213185004,-0.040200337159676205
2024_blend_selection,blend_w0.85,4,312,0.16104549764869316,0.16025641025641027,0.14488049764678762,0.17889705508082537,-0.0007890873922828945
2024_blend_selection,blend_w0.85,5,311,0.19587185356586048,0.17041800643086816,0.1791040689741838,0.21313942972539834,-0.025453847134992325
2024_blend_selection,blend_w0.85,6,312,0.23515979843614632,0.19230769230769232,0.21353677693277168,0.25904642982533094,-0.042852106128454
2024_blend_selection,blend_w0.85,7,312,0.2882439187732404,0.3108974358974359,0.2591159647683021,0.320909670765329,0.0226535171241955
2024_blend_selection,blend_w0.85,8,312,0.3625285127451367,0.4326923076923077,0.32130063033843786,0.41103989411142833,0.07016379494717101
2024_blend_selection,blend_w0.85,9,312,0.4994536991721228,0.5192307692307693,0.4119682447576302,0.8001637181929143,0.019777070058646484
2024_blend_selection,blend_w0.90,0,312,0.038384175138414654,0.028846153846153848,0.010769582002369535,0.056118735145141374,-0.009538021292260807
2024_blend_selection,blend_w0.90,1,312,0.06989053511379535,0.07371794871794872,0.05616645593053091,0.08361270721575692,0.003827413604153368
2024_blend_selection,blend_w0.90,2,312,0.10053496387338516,0.10576923076923077,0.08373068137874626,0.1164475471292224,0.005234266895845607
2024_blend_selection,blend_w0.90,3,312,0.130723647936361,0.09935897435897435,0.11651932452316592,0.145949596800934,-0.031364673577386634
2024_blend_selection,blend_w0.90,4,312,0.1613965048810378,0.14423076923076922,0.14598571473846664,0.17875462003873013,-0.017165735650268577
2024_blend_selection,blend_w0.90,5,311,0.196294354470265,0.1832797427652733,0.17885314384539075,0.2141385461760671,-0.013014611704991685
2024_blend_selection,blend_w0.90,6,312,0.23532553230305028,0.20192307692307693,0.21442566254008788,0.2600231710952685,-0.033402455379973356
2024_blend_selection,blend_w0.90,7,312,0.288578620365609,0.2980769230769231,0.2600675111906393,0.3194747988337632,0.009498302711314077
2024_blend_selection,blend_w0.90,8,312,0.3611217930265045,0.4358974358974359,0.3197741926143567,0.410513486757043,0.07477564287093141
2024_blend_selection,blend_w0.90,9,312,0.49794981321250903,0.5096153846153846,0.41065321788314113,0.7935019588221299,0.011665571402875552
2024_blend_selection,blend_w0.95,0,312,0.03837652292137038,0.028846153846153848,0.01026698277024064,0.05617479637166202,-0.009530369075216531
2024_blend_selection,blend_w0.95,1,312,0.07022073225750933,0.08012820512820513,0.056296693987761014,0.08444557287449504,0.009907472870695808
2024_blend_selection,blend_w0.95,2,312,0.10100040972949743,0.09935897435897435,0.08449201449643798,0.11689980992043118,-0.001641435370523081
2024_blend_selection,blend_w0.95,3,312,0.1313426780965024,0.10256410256410256,0.11697307277147638,0.1460550222964011,-0.028778575532399847
2024_blend_selection,blend_w0.95,4,312,0.16167431220222836,0.15064102564102563,0.14630909287513383,0.17852508862464928,-0.011033286561202726
2024_blend_selection,blend_w0.95,5,311,0.1964660602123341,0.17363344051446947,0.17853142164969715,0.21564118297857768,-0.022832619697864626
2024_blend_selection,blend_w0.95,6,312,0.23572693092599642,0.23397435897435898,0.21583540039535498,0.2609364954263887,-0.0017525719516374438
2024_blend_selection,blend_w0.95,7,312,0.28893172575775816,0.28846153846153844,0.26117399394635815,0.3190837810382309,-0.0004701872962197262
2024_blend_selection,blend_w0.95,8,312,0.35982497537409885,0.41346153846153844,0.3191688511636311,0.40795497900055644,0.05363656308743958
2024_blend_selection,blend_w0.95,9,312,0.4969772900983678,0.5096153846153846,0.4083257251988387,0.7868401994513456,0.012638094517016807
2024_blend_selection,blend_w1.00,0,312,0.038288057917205534,0.028846153846153848,0.009764383538111742,0.05652656841971683,-0.009441904071051686
2024_blend_selection,blend_w1.00,1,312,0.07045418380722551,0.08653846153846154,0.056622910270066086,0.08504498160327717,0.016084277731236024
2024_blend_selection,blend_w1.00,2,312,0.10108350144979676,0.10256410256410256,0.08516953805488475,0.11674593518304546,0.001480601114305799
2024_blend_selection,blend_w1.00,3,312,0.13192552878712668,0.11538461538461539,0.1168400482639483,0.14604819082559092,-0.016540913402511292
2024_blend_selection,blend_w1.00,4,312,0.1619115747397561,0.1346153846153846,0.14606649873056338,0.17877324485926588,-0.027296190124371483
2024_blend_selection,blend_w1.00,5,311,0.19647851066684113,0.18971061093247588,0.17877699678607298,0.21454516517230757,-0.006767899734365257
2024_blend_selection,blend_w1.00,6,312,0.2362563655795023,0.21474358974358973,0.2146197206757517,0.2611550934315527,-0.021512775835912573
2024_blend_selection,blend_w1.00,7,312,0.2891382902769953,0.3108974358974359,0.26124239948160527,0.3187020316964666,0.021759145620440623
2024_blend_selection,blend_w1.00,8,312,0.35884523338062796,0.3942307692307692,0.31896132071403427,0.40674912426421517,0.03538553585014126
2024_blend_selection,blend_w1.00,9,312,0.4965015777917034,0.5032051282051282,0.4067792221309053,0.7801784400805613,0.006703550413424797
2025_known_outcome_audit,market_raw,0,307,0.014597000274431308,0.02280130293159609,0.005234085660323149,0.02182645898691848,0.008204302657164783
2025_known_outcome_audit,market_raw,1,307,0.030579922534076244,0.05537459283387622,0.0218507242710539,0.039950973851780015,0.024794670299799974
2025_known_outcome_audit,market_raw,2,307,0.050786073948823215,0.05211726384364821,0.039957521517914436,0.062785179628457,0.0013311898948249953
2025_known_outcome_audit,market_raw,3,307,0.0770828218127471,0.10749185667752444,0.0629492715919384,0.09296563559736835,0.030409034864777335
2025_known_outcome_audit,market_raw,4,307,0.11269014564835443,0.1563517915309446,0.09298760373493355,0.13469425610113517,0.04366164588259018
2025_known_outcome_audit,market_raw,5,307,0.16155604167602927,0.22149837133550487,0.1347035714616391,0.189047922480898,0.0599423296594756
2025_known_outcome_audit,market_raw,6,307,0.22876970440924232,0.23452768729641693,0.18950734410122702,0.2677999129929545,0.005757982887174606
2025_known_outcome_audit,market_raw,7,307,0.32232433539651906,0.30944625407166126,0.26813094162858075,0.37929036495668955,-0.012878081324857793
2025_known_outcome_audit,market_raw,8,307,0.4479092919599452,0.40716612377850164,0.37937814277915344,0.5272094210579324,-0.04074316818144358
2025_known_outcome_audit,market_raw,9,307,0.6719313056001103,0.5928338762214984,0.5290554835520661,0.9677508746388306,-0.07909742937861186
2025_known_outcome_audit,market_base_frozen_policy,0,307,0.027683753706194435,0.02280130293159609,0.012416109031737425,0.03831492041681378,-0.004882450774598344
2025_known_outcome_audit,market_base_frozen_policy,1,307,0.04977989908670314,0.05537459283387622,0.03834834969501867,0.06149750854188375,0.005594693747173078
2025_known_outcome_audit,market_base_frozen_policy,2,307,0.0740372926208604,0.05211726384364821,0.0615053743730843,0.0874509676532892,-0.021920028777212185
2025_known_outcome_audit,market_base_frozen_policy,3,307,0.10244523899282972,0.10749185667752444,0.0876285809309347,0.1186088736649703,0.005046617684694721
2025_known_outcome_audit,market_base_frozen_policy,4,307,0.1375614440703425,0.1563517915309446,0.11863061646079157,0.15814983594052143,0.018790347460602125
2025_known_outcome_audit,market_base_frozen_policy,5,307,0.1820260864764047,0.22149837133550487,0.15815833117601788,0.2059306525877554,0.039472284859100176
2025_known_outcome_audit,market_base_frozen_policy,6,307,0.23899765776275655,0.23452768729641693,0.2063217805073106,0.27090060471972455,-0.004469970466339623
2025_known_outcome_audit,market_base_frozen_policy,7,307,0.31414214055061174,0.30944625407166126,0.2711667875520515,0.35886302432270945,-0.004695886478950473
2025_known_outcome_audit,market_base_frozen_policy,8,307,0.41251923672265806,0.40716612377850164,0.35893150953753233,0.4749986968634274,-0.005353112944156413
2025_known_outcome_audit,market_base_frozen_policy,9,307,0.6007742615670976,0.5928338762214984,0.4764737027914421,0.9261167338979784,-0.007940385345599155
2025_known_outcome_audit,nonmarket_raw_stage4_v2,0,307,0.040711732280929044,0.03908794788273615,0.008712352253496647,0.05940030515193939,-0.0016237843981928915
2025_known_outcome_audit,nonmarket_raw_stage4_v2,1,307,0.07296544012495283,0.0749185667752443,0.059563323855400085,0.08726029843091965,0.001953126650291473
2025_known_outcome_audit,nonmarket_raw_stage4_v2,2,307,0.10179797161965107,0.09446254071661238,0.08739782124757767,0.11726822704076767,-0.007335430903038689
2025_known_outcome_audit,nonmarket_raw_stage4_v2,3,307,0.1317468824817614,0.15960912052117263,0.1172691285610199,0.14738672971725464,0.027862238039411236
2025_known_outcome_audit,nonmarket_raw_stage4_v2,4,307,0.1667160974748748,0.13680781758957655,0.1475154608488083,0.18546713888645172,-0.02990827988529826
2025_known_outcome_audit,nonmarket_raw_stage4_v2,5,307,0.20821128576896866,0.18241042345276873,0.18567736446857452,0.23099257051944733,-0.025800862316199935
2025_known_outcome_audit,nonmarket_raw_stage4_v2,6,307,0.2545424573099186,0.30293159609120524,0.23112046718597412,0.27994489669799805,0.048389138781286645
2025_known_outcome_audit,nonmarket_raw_stage4_v2,7,307,0.31010278729351803,0.2931596091205212,0.2804259955883026,0.34076347947120667,-0.016943178172996842
2025_known_outcome_audit,nonmarket_raw_stage4_v2,8,307,0.3829208907552961,0.36156351791530944,0.3412235975265503,0.4357866942882538,-0.021357372839986677
2025_known_outcome_audit,nonmarket_raw_stage4_v2,9,307,0.532135096454465,0.5146579804560261,0.4361354410648346,0.8065978288650513,-0.01747711599843893
2025_known_outcome_audit,nonmarket_calibrated,0,307,0.0377638276348258,0.03908794788273615,0.007770215381863112,0.05556772181532343,0.00132412024791035
2025_known_outcome_audit,nonmarket_calibrated,1,307,0.06865302444502844,0.0749185667752443,0.05572431547369281,0.08249397869682035,0.0062655423302158675
2025_known_outcome_audit,nonmarket_calibrated,2,307,0.09666821973501871,0.09446254071661238,0.08262762969144209,0.11179949627414407,-0.002205679018406334
2025_known_outcome_audit,nonmarket_calibrated,3,307,0.12603982567073968,0.15960912052117263,0.11180038064928993,0.14145956530434683,0.033569294850432946
2025_known_outcome_audit,nonmarket_calibrated,4,307,0.16061550233704275,0.13680781758957655,0.14158679593454276,0.17924433862123026,-0.023807684747466196
2025_known_outcome_audit,nonmarket_calibrated,5,307,0.20195334530229125,0.18241042345276873,0.17945370006492828,0.22475222518880647,-0.019542921849522527
2025_known_outcome_audit,nonmarket_calibrated,6,307,0.2484244089320606,0.30293159609120524,0.22488051682627777,0.2740112287825997,0.05450718715914463
2025_known_outcome_audit,nonmarket_calibrated,7,307,0.304509360690008,0.2931596091205212,0.27449676878645124,0.3355747113871045,-0.01134975156948681
2025_known_outcome_audit,nonmarket_calibrated,8,307,0.37845031046979244,0.36156351791530944,0.33604173357542927,0.4323242873098986,-0.016886792554483
2025_known_outcome_audit,nonmarket_calibrated,9,307,0.5307943695980405,0.5146579804560261,0.43268026696426265,0.8103249610809029,-0.01613638914201443
2025_known_outcome_audit,selected_historical_domain_blend,0,307,0.027683753706194435,0.02280130293159609,0.012416109031737425,0.03831492041681378,-0.004882450774598344
2025_known_outcome_audit,selected_historical_domain_blend,1,307,0.04977989908670314,0.05537459283387622,0.03834834969501867,0.06149750854188375,0.005594693747173078
2025_known_outcome_audit,selected_historical_domain_blend,2,307,0.0740372926208604,0.05211726384364821,0.0615053743730843,0.0874509676532892,-0.021920028777212185
2025_known_outcome_audit,selected_historical_domain_blend,3,307,0.10244523899282972,0.10749185667752444,0.0876285809309347,0.1186088736649703,0.005046617684694721
2025_known_outcome_audit,selected_historical_domain_blend,4,307,0.1375614440703425,0.1563517915309446,0.11863061646079157,0.15814983594052143,0.018790347460602125
2025_known_outcome_audit,selected_historical_domain_blend,5,307,0.1820260864764047,0.22149837133550487,0.15815833117601788,0.2059306525877554,0.039472284859100176
2025_known_outcome_audit,selected_historical_domain_blend,6,307,0.23899765776275655,0.23452768729641693,0.2063217805073106,0.27090060471972455,-0.004469970466339623
2025_known_outcome_audit,selected_historical_domain_blend,7,307,0.31414214055061174,0.30944625407166126,0.2711667875520515,0.35886302432270945,-0.004695886478950473
2025_known_outcome_audit,selected_historical_domain_blend,8,307,0.41251923672265806,0.40716612377850164,0.35893150953753233,0.4749986968634274,-0.005353112944156413
2025_known_outcome_audit,selected_historical_domain_blend,9,307,0.6007742615670976,0.5928338762214984,0.4764737027914421,0.9261167338979784,-0.007940385345599155
