candidate,nonmarket_weight,name,race_macro_brier,race_macro_log_loss,runner_micro_brier,runner_micro_log_loss,races,rows,mean_incumbent_minus_candidate_brier,se_incumbent_minus_candidate_brier,mean_brier_delta_vs_best,se_brier_delta_vs_best,within_one_se_of_best,calibration_intercept,calibration_slope,ece_10bin
blend_w0.05,0.05,blend_w0.05,0.13803607879679594,0.4287419191594539,0.133676853416228,0.4192057936066301,245,3119,4.847837409729144e-05,0.00011132684094375445,0.0,0.0,True,0.04405048662942762,1.0368350099548813,0.0140634421881744
blend_w0.10,0.1,blend_w0.10,0.1380496576637169,0.4288760922358042,0.13367713312551774,0.41927106432560324,245,3119,3.489950717635467e-05,0.0002231966311064354,1.357886692093679e-05,0.0001118883917092165,True,0.0721662140080078,1.0631997483147122,0.011867778599913097
blend_w0.00,0.0,blend_w0.00,0.13808455717089324,0.4288225422849463,0.13373223232454567,0.4193516180685042,245,3119,0.0,0.0,4.847837409729144e-05,0.00011132684094375445,True,0.014532989591617359,1.0088046047373045,0.01526000510097277
blend_w0.15,0.15,blend_w0.15,0.13812529377165608,0.42920653405898335,0.1337330714524149,0.4195274842291573,245,3119,-4.073660076281198e-05,0.00033566517512765117,8.92149748601034e-05,0.0002243938502668444,True,0.09901891367848817,1.0882033006493497,0.01179001725495028
blend_w0.20,0.2,blend_w0.20,0.13826298712061347,0.4297200013053443,0.1338446683969195,0.41996100811951864,245,3119,-0.0001784299497202097,0.00044878770053368935,0.00022690832381750114,0.0003375712919992884,True,0.12442364060362937,1.1116992603109541,0.01556090878786385
blend_w0.25,0.25,blend_w0.25,0.1384627377105891,0.4304067725074347,0.1340119239590315,0.42056144684654545,245,3119,-0.00037818053969583434,0.0005626188199988146,0.0004266589137931258,0.00045147499713917905,True,0.1481437561335669,1.1334914084912262,0.020599286112103904
blend_w0.30,0.3,blend_w0.30,0.13872454554158298,0.4312596583410939,0.1342348381387509,0.42132133424746704,245,3119,-0.0006399883706896917,0.0006772124957087694,0.0006884667447869833,0.0005661585756374575,False,0.16990013477378885,1.1533425731214069,0.021081894761228837
blend_w0.35,0.35,blend_w0.35,0.13904841061359502,0.43227340275882653,0.13451341093607772,0.42223525025624015,245,3119,-0.0009638534427017746,0.0007926220058924408,0.001012331816799066,0.0006816749351802686,False,0.1893779240880366,1.1709822011580644,0.02149476529216114
blend_w0.40,0.4,blend_w0.40,0.13943433292662533,0.43344430304520926,0.13484764235101196,0.4232993964056587,245,3119,-0.001349775755732091,0.0009088999135736922,0.0013982541298293823,0.0007980762514523439,False,0.2062333402338193,1.186114193905871,0.025867347668659568
blend_w0.45,0.45,blend_w0.45,0.13988231248067387,0.4347699631788947,0.13523753238355365,0.42451132302383426,245,3119,-0.0017977553097806344,0.001026098037581585,0.0018462336838779262,0.000915413940675033,False,0.22010185975001959,1.1984259997499507,0.019526944250976588
blend_w0.50,0.5,blend_w0.50,0.14039234927574065,0.4362491347221977,0.13568308103370275,0.4258697547056212,245,3119,-0.002307792104847409,0.0011442674258437917,0.0023562704789447005,0.001033738634434065,False,0.23060861388972978,1.2075995148336254,0.01928621768691456
blend_w0.55,0.55,blend_w0.55,0.14096444331182564,0.43788161969008627,0.13618428830145923,0.4273744844671829,245,3119,-0.0028798861409324145,0.0012634583309749689,0.0029283645150297057,0.0011531001567995107,False,0.23738139829125873,1.213323892509274,0.020292920757001207
blend_w0.60,0.6,blend_w0.60,0.1415985945889289,0.4396682210917137,0.13674115418682317,0.4290263201139675,245,3119,-0.0035140374180356454,0.0013837201881594131,0.003562515792132937,0.0012735475037284867,False,0.2400661682818601,1.2153098085510077,0.022775377330745257
blend_w0.65,0.65,blend_w0.65,0.14229480310705034,0.44161073375192755,0.13735367868979448,0.43082707434424017,245,3119,-0.004210245936157108,0.0015051015953154846,0.0042587243102544005,0.001395128824729835,False,0.238344023351129,1.213304080546272,0.026329616597273058
blend_w0.70,0.7,blend_w0.70,0.14305306886619004,0.44371197288996267,0.13802186181037324,0.43277959568753566,245,3119,-0.0049685116952968,0.0016276502955181412,0.005016990069394092,0.0015178914067595162,False,0.23194755012625032,1.2071029570627492,0.024974727404570334
blend_w0.75,0.75,blend_w0.75,0.143873391866348,0.4459758420590239,0.13874570354855942,0.43488784208030146,245,3119,-0.005788834695454723,0.0017514131616455965,0.0058373130695520145,0.0016418816603057395,False,0.22067352578913604,1.1965622153733253,0.024320360732099904
blend_w0.80,0.8,blend_w0.80,0.14475577210752413,0.4484074463944187,0.13952520390435302,0.4371570038460421,245,3119,-0.006671214936630874,0.0018764361832065602,0.006719693310728167,0.0017671451076139984,False,0.20438939938103862,1.181602820177145,0.025526191968404513
blend_w0.85,0.85,blend_w0.85,0.14570020958971847,0.45101326270180014,0.14036036287775402,0.43959368929468406,245,3119,-0.007615652418825257,0.0020027644552958654,0.007664130792922548,0.0018937263729942003,False,0.1830332684741952,1.1622122232693606,0.023830302961458577
blend_w0.90,0.9,blend_w0.90,0.14670670431293115,0.4538013862619906,0.14125118046876245,0.4422061959298449,245,3119,-0.00862214714203787,0.0021304421696184757,0.008670625516135162,0.002021669175144985,False,0.15660983685196517,1.1384423209777992,0.020951213291559908
blend_w0.95,0.95,blend_w0.95,0.14777525627716198,0.45678188813380377,0.14219765667737827,0.4450049068065475,245,3119,-0.009690699106268706,0.002259512607514983,0.009739177480365997,0.002151016321424118,False,0.12518461130423697,1.1104041458613423,0.015219677550461554
blend_w1.00,1.0,blend_w1.00,0.148905865482411,0.45996734208267814,0.14319979150360154,0.44800288230136026,245,3119,-0.010821308311517779,0.0023900181349156874,0.010869786685615071,0.00228180970398854,False,0.08887360872799833,1.07825676459088,0.016300334657379612
