outer_year,scope,feature,source_feature,context_rows,context_nonmissing,relative_nonmissing,relative_coverage,eligible_rows,eligible_nonmissing,eligible_coverage
2023,train,rel_career_top3_vs_others,career_top3_shrunk,27974,27974,27974,1.0,23656,23656,1.0
2023,train,rel_same_distance_top3_vs_others,same_distance_top3_shrunk,27974,27974,27974,1.0,23656,23656,1.0
2023,train,rel_same_course_top3_vs_others,same_course_top3_shrunk,27974,27974,27974,1.0,23656,23656,1.0
2023,train,rel_recent3_finish_vs_others,recent3_finish_pct_mean,27974,27546,27546,0.9847000786444555,23656,23656,1.0
2023,train,rel_recent3_time_vs_others,recent3_relative_time_mean,27974,27546,27546,0.9847000786444555,23656,23656,1.0
2023,evaluation,rel_career_top3_vs_others,career_top3_shrunk,3749,3749,3749,1.0,3194,3194,1.0
2023,evaluation,rel_same_distance_top3_vs_others,same_distance_top3_shrunk,3749,3749,3749,1.0,3194,3194,1.0
2023,evaluation,rel_same_course_top3_vs_others,same_course_top3_shrunk,3749,3749,3749,1.0,3194,3194,1.0
2023,evaluation,rel_recent3_finish_vs_others,recent3_finish_pct_mean,3749,3699,3699,0.98666311016271,3194,3194,1.0
2023,evaluation,rel_recent3_time_vs_others,recent3_relative_time_mean,3749,3699,3699,0.98666311016271,3194,3194,1.0
2024,train,rel_career_top3_vs_others,career_top3_shrunk,31723,31723,31723,1.0,26850,26850,1.0
2024,train,rel_same_distance_top3_vs_others,same_distance_top3_shrunk,31723,31723,31723,1.0,26850,26850,1.0
2024,train,rel_same_course_top3_vs_others,same_course_top3_shrunk,31723,31723,31723,1.0,26850,26850,1.0
2024,train,rel_recent3_finish_vs_others,recent3_finish_pct_mean,31723,31245,31245,0.9849320682154903,26850,26850,1.0
2024,train,rel_recent3_time_vs_others,recent3_relative_time_mean,31723,31245,31245,0.9849320682154903,26850,26850,1.0
2024,evaluation,rel_career_top3_vs_others,career_top3_shrunk,3667,3667,3667,1.0,3119,3119,1.0
2024,evaluation,rel_same_distance_top3_vs_others,same_distance_top3_shrunk,3667,3667,3667,1.0,3119,3119,1.0
2024,evaluation,rel_same_course_top3_vs_others,same_course_top3_shrunk,3667,3667,3667,1.0,3119,3119,1.0
2024,evaluation,rel_recent3_finish_vs_others,recent3_finish_pct_mean,3667,3609,3609,0.9841832560676302,3119,3119,1.0
2024,evaluation,rel_recent3_time_vs_others,recent3_relative_time_mean,3667,3609,3609,0.9841832560676302,3119,3119,1.0
