outer_year,scope,feature,source_feature,context_rows,context_nonmissing,relative_nonmissing,relative_coverage,eligible_rows,eligible_nonmissing,eligible_coverage,block
2023,train,rel_career_top3_vs_others,career_top3_shrunk,27974.0,27974.0,27974.0,1.0,23656,23656,1.0,relative_ability
2023,train,rel_same_distance_top3_vs_others,same_distance_top3_shrunk,27974.0,27974.0,27974.0,1.0,23656,23656,1.0,relative_ability
2023,train,rel_same_course_top3_vs_others,same_course_top3_shrunk,27974.0,27974.0,27974.0,1.0,23656,23656,1.0,relative_ability
2023,train,rel_recent3_finish_vs_others,recent3_finish_pct_mean,27974.0,27546.0,27546.0,0.9847000786444555,23656,23656,1.0,relative_ability
2023,train,rel_recent3_time_vs_others,recent3_relative_time_mean,27974.0,27546.0,27546.0,0.9847000786444555,23656,23656,1.0,relative_ability
2023,train,interaction_draw_x_front_tendency,,,,,,23656,23656,1.0,interaction
2023,train,interaction_front_tendency_x_race_pressure,,,,,,23656,23656,1.0,interaction
2023,train,interaction_rest_x_age,,,,,,23656,23656,1.0,interaction
2023,evaluation,rel_career_top3_vs_others,career_top3_shrunk,3749.0,3749.0,3749.0,1.0,3194,3194,1.0,relative_ability
2023,evaluation,rel_same_distance_top3_vs_others,same_distance_top3_shrunk,3749.0,3749.0,3749.0,1.0,3194,3194,1.0,relative_ability
2023,evaluation,rel_same_course_top3_vs_others,same_course_top3_shrunk,3749.0,3749.0,3749.0,1.0,3194,3194,1.0,relative_ability
2023,evaluation,rel_recent3_finish_vs_others,recent3_finish_pct_mean,3749.0,3699.0,3699.0,0.98666311016271,3194,3194,1.0,relative_ability
2023,evaluation,rel_recent3_time_vs_others,recent3_relative_time_mean,3749.0,3699.0,3699.0,0.98666311016271,3194,3194,1.0,relative_ability
2023,evaluation,interaction_draw_x_front_tendency,,,,,,3194,3194,1.0,interaction
2023,evaluation,interaction_front_tendency_x_race_pressure,,,,,,3194,3194,1.0,interaction
2023,evaluation,interaction_rest_x_age,,,,,,3194,3194,1.0,interaction
2024,train,rel_career_top3_vs_others,career_top3_shrunk,31723.0,31723.0,31723.0,1.0,26850,26850,1.0,relative_ability
2024,train,rel_same_distance_top3_vs_others,same_distance_top3_shrunk,31723.0,31723.0,31723.0,1.0,26850,26850,1.0,relative_ability
2024,train,rel_same_course_top3_vs_others,same_course_top3_shrunk,31723.0,31723.0,31723.0,1.0,26850,26850,1.0,relative_ability
2024,train,rel_recent3_finish_vs_others,recent3_finish_pct_mean,31723.0,31245.0,31245.0,0.9849320682154903,26850,26850,1.0,relative_ability
2024,train,rel_recent3_time_vs_others,recent3_relative_time_mean,31723.0,31245.0,31245.0,0.9849320682154903,26850,26850,1.0,relative_ability
2024,train,interaction_draw_x_front_tendency,,,,,,26850,26850,1.0,interaction
2024,train,interaction_front_tendency_x_race_pressure,,,,,,26850,26850,1.0,interaction
2024,train,interaction_rest_x_age,,,,,,26850,26850,1.0,interaction
2024,evaluation,rel_career_top3_vs_others,career_top3_shrunk,3667.0,3667.0,3667.0,1.0,3119,3119,1.0,relative_ability
2024,evaluation,rel_same_distance_top3_vs_others,same_distance_top3_shrunk,3667.0,3667.0,3667.0,1.0,3119,3119,1.0,relative_ability
2024,evaluation,rel_same_course_top3_vs_others,same_course_top3_shrunk,3667.0,3667.0,3667.0,1.0,3119,3119,1.0,relative_ability
2024,evaluation,rel_recent3_finish_vs_others,recent3_finish_pct_mean,3667.0,3609.0,3609.0,0.9841832560676302,3119,3119,1.0,relative_ability
2024,evaluation,rel_recent3_time_vs_others,recent3_relative_time_mean,3667.0,3609.0,3609.0,0.9841832560676302,3119,3119,1.0,relative_ability
2024,evaluation,interaction_draw_x_front_tendency,,,,,,3119,3119,1.0,interaction
2024,evaluation,interaction_front_tendency_x_race_pressure,,,,,,3119,3119,1.0,interaction
2024,evaluation,interaction_rest_x_age,,,,,,3119,3119,1.0,interaction
