dimension,level,rows,races,race_macro_brier,race_macro_log_loss,runner_micro_brier,runner_micro_log_loss,baseline_race_macro_brier,baseline_race_macro_log_loss,brier_skill_vs_field_size_baseline,observed_top3_rate,mean_predicted,calibration_gap_observed_minus_predicted,calibration_intercept,calibration_slope
overall,all,6313,495,0.153095887,0.470750721,0.147285225,0.458202823,0.171398861,0.525782970,0.106785858,0.208300333,0.219299782,-0.010999449,-0.054206718,1.017617503
year,2023,3194,250,0.153180537,0.470891482,0.149219662,0.462215518,0.170511322,0.523998303,0.101640082,0.208515967,0.219644967,-0.011129000,-0.100483268,0.975813752
year,2024,3119,245,0.153009509,0.470607087,0.145304272,0.454093639,0.172304514,0.527604058,0.111982004,0.208079513,0.218946296,-0.010866783,-0.006316460,1.061122719
field_size_band,12-14,989,88,0.158842717,0.485594988,0.158938190,0.487381283,0.171921456,0.527618025,0.076073918,0.225480283,0.241790785,-0.016310502,-0.145918188,0.955315056
field_size_band,15-16,2869,211,0.145461840,0.454629022,0.142255605,0.448009611,0.166826984,0.516495141,0.128067674,0.200766818,0.213670527,-0.012903710,-0.001198019,1.077137314
field_size_band,17+,1841,122,0.136021963,0.428858968,0.134619583,0.425930851,0.149486225,0.476167017,0.090070251,0.178164041,0.184842669,-0.006678627,-0.056152718,0.994764569
field_size_band,<=11,614,74,0.196178069,0.568131490,0.189993112,0.555596195,0.219939664,0.631882877,0.108036880,0.306188925,0.312691106,-0.006502181,-0.070707808,0.945985063
race_class,Class1,2155,158,0.152972728,0.472435783,0.148135877,0.461262398,0.169975179,0.521949978,0.100029019,0.211136891,0.221651510,-0.010514619,-0.097402135,0.974774446
race_class,Class2,1262,89,0.155901373,0.478706815,0.152676782,0.471749927,0.168947559,0.519727130,0.077220327,0.210776545,0.224491827,-0.013715282,-0.145275981,0.947919156
race_class,Class3,648,43,0.158169883,0.483428526,0.153420231,0.471340513,0.162695357,0.505565166,0.027815632,0.200617284,0.215933965,-0.015316682,-0.344999443,0.786110349
race_class,Maiden,1369,144,0.152175662,0.464888058,0.141948176,0.444411459,0.181742658,0.550868594,0.162686054,0.214755296,0.218079660,-0.003324364,0.270345461,1.272367244
race_class,Open,879,61,0.147917220,0.459680977,0.141248403,0.443046198,0.160380037,0.499579988,0.077708032,0.193401593,0.210461396,-0.017059803,-0.094315080,1.020575310
racecourse,中京,495,38,0.156506397,0.473868802,0.143807319,0.445627152,0.170297624,0.522491935,0.080983086,0.202020202,0.211100380,-0.009080178,-0.023804487,1.034704938
racecourse,中山,730,63,0.165479765,0.499903518,0.157309069,0.483335319,0.188077810,0.563090004,0.120152637,0.227397260,0.240592389,-0.013195128,-0.125106945,0.957261951
racecourse,京都,560,43,0.149872769,0.457282701,0.141083904,0.437712203,0.168687563,0.519848977,0.111536342,0.203571429,0.205450505,-0.001879076,0.319568965,1.288399741
racecourse,函館,795,62,0.154434646,0.477731270,0.151883106,0.471855905,0.172517664,0.528027584,0.104818356,0.221383648,0.226749767,-0.005366119,0.026912148,1.058001898
racecourse,小倉,1474,108,0.144915423,0.452858498,0.142901446,0.448869886,0.153916604,0.485903158,0.058480894,0.187924016,0.198851713,-0.010927697,-0.284506793,0.831655508
racecourse,新潟,333,25,0.131250413,0.416019281,0.134707050,0.425024553,0.156897857,0.493069071,0.163465867,0.195195195,0.204132976,-0.008937781,0.606619061,1.578570084
racecourse,札幌,561,43,0.151169541,0.464042165,0.142174442,0.443743040,0.170427900,0.523908658,0.113000035,0.206773619,0.222209412,-0.015435794,0.188868199,1.275530004
racecourse,福島,1045,86,0.157862030,0.483868032,0.151508349,0.470835459,0.180831087,0.548779408,0.127019407,0.218181818,0.229458568,-0.011276750,-0.070220662,1.002639338
racecourse,阪神,320,27,0.162295102,0.494907856,0.157678307,0.483873860,0.190638942,0.567208181,0.148678124,0.228125000,0.260833287,-0.032708287,-0.271449506,0.919774589
rest_interval_band,22-35,1107,383,0.170895386,0.514337698,0.158493600,0.485342097,0.195799440,0.583654981,0.127191652,0.230352304,0.236510382,-0.006158079,-0.052650277,0.986307052
rest_interval_band,36-56,1073,370,0.152515756,0.473914601,0.145869149,0.457096199,0.166856580,0.515729971,0.085947005,0.202236719,0.199596236,0.002640484,0.010961361,0.994093500
rest_interval_band,57-90,1263,409,0.149389384,0.460093631,0.143567766,0.447978369,0.165542936,0.510499087,0.097579231,0.200316706,0.209954892,-0.009638186,-0.025540175,1.035441940
rest_interval_band,91+,1037,376,0.133424117,0.427208277,0.128898030,0.416481203,0.149589823,0.475741476,0.108066883,0.169720347,0.184682337,-0.014961990,-0.265373447,0.881788292
rest_interval_band,<=21,1833,437,0.157084264,0.479821763,0.154308928,0.473109009,0.177596112,0.541164243,0.115497171,0.225859247,0.246463260,-0.020604013,0.002285316,1.138572806
career_starts_band,11-20,1998,328,0.161919895,0.496406622,0.157598052,0.485526896,0.170048156,0.523293304,0.047799756,0.213713714,0.214273920,-0.000560206,-0.157360042,0.868782884
career_starts_band,21+,1117,279,0.104490920,0.353004870,0.104445092,0.353306125,0.113335581,0.391517879,0.078039583,0.123545210,0.146319539,-0.022774328,-0.342979021,0.915053069
career_starts_band,3-5,1519,341,0.166657866,0.501861468,0.151959087,0.467170989,0.186316330,0.560643511,0.105511222,0.225148124,0.239521130,-0.014373007,-0.031015931,1.063610681
career_starts_band,6-10,1679,421,0.165202705,0.499792891,0.159285107,0.487359150,0.190990805,0.570796984,0.135022727,0.243001787,0.255538242,-0.012536455,0.039818061,1.129126327
