race_id,race_date,racecourse,surface,distance_m,turn_direction,race_class,horse_id,horse_name,horse_no,sex,age,assigned_weight_kg,field_size,declared_field_size
202605040211,2026-10-04,東京,turf,1800,left,Open,2019102632,セイウンハーデス,1,M,7,57.0,17,17
202605040211,2026-10-04,東京,turf,1800,left,Open,2023103604,リアライズシリウス,2,M,3,55.0,17,17
202605040211,2026-10-04,東京,turf,1800,left,Open,2022104416,レディネス,3,M,4,57.0,17,17
202605040211,2026-10-04,東京,turf,1800,left,Open,2022101420,サトノシャイニング,4,M,4,57.0,17,17
202605040211,2026-10-04,東京,turf,1800,left,Open,2020101813,クルゼイロドスル,5,M,6,57.0,17,17
202605040211,2026-10-04,東京,turf,1800,left,Open,2023103687,ライヒスアドラー,6,M,3,55.0,17,17
202605040211,2026-10-04,東京,turf,1800,left,Open,2018104708,ロングラン,7,G,8,57.0,17,17
202605040211,2026-10-04,東京,turf,1800,left,Open,2019101348,ビーアストニッシド,8,M,7,57.0,17,17
202605040211,2026-10-04,東京,turf,1800,left,Open,2022105891,ドラゴンブースト,9,M,4,57.0,17,17
202605040211,2026-10-04,東京,turf,1800,left,Open,2020100680,エルトンバローズ,10,M,6,57.0,17,17
202605040211,2026-10-04,東京,turf,1800,left,Open,2022104401,ランスオブカオス,11,M,4,57.0,17,17
202605040211,2026-10-04,東京,turf,1800,left,Open,2021105661,レガーロデルシエロ,12,M,5,57.0,17,17
202605040211,2026-10-04,東京,turf,1800,left,Open,2020103941,ホウオウビスケッツ,13,M,6,57.0,17,17
202605040211,2026-10-04,東京,turf,1800,left,Open,2022104750,レイニング,14,M,4,57.0,17,17
202605040211,2026-10-04,東京,turf,1800,left,Open,2020103075,シャンパンカラー,15,M,6,58.0,17,17
202605040211,2026-10-04,東京,turf,1800,left,Open,2023105311,アドマイヤクワッズ,16,M,3,55.0,17,17
202605040211,2026-10-04,東京,turf,1800,left,Open,2021105817,ダノンエアズロック,17,M,5,57.0,17,17
