race_id,race_date,horse_id,horse_no,horse_name,field_size,declared_field_size,surface,distance_m,turn_direction,p_nonmarket,route,model_id
202608040211,2026-10-04,2021106645,1,ウエストナウ,18,18,turf,2400,right,0.2437836229801178,nonmarket-shadow,turf_R3_2001_2600
202608040211,2026-10-04,2020103060,2,ヴェルテンベルク,18,18,turf,2400,right,0.1709413975477218,nonmarket-shadow,turf_R3_2001_2600
202608040211,2026-10-04,2018104475,3,ディープモンスター,18,18,turf,2400,right,0.106243684887886,nonmarket-shadow,turf_R3_2001_2600
202608040211,2026-10-04,2021105521,4,ヘデントール,18,18,turf,2400,right,0.4136156141757965,nonmarket-shadow,turf_R3_2001_2600
202608040211,2026-10-04,2020103945,5,ヴェルミセル,18,18,turf,2400,right,0.0763291791081428,nonmarket-shadow,turf_R3_2001_2600
202608040211,2026-10-04,2021105433,6,アクアヴァーナル,18,18,turf,2400,right,0.2987952828407287,nonmarket-shadow,turf_R3_2001_2600
202608040211,2026-10-04,2020105633,7,リビアングラス,18,18,turf,2400,right,0.0373913422226905,nonmarket-shadow,turf_R3_2001_2600
202608040211,2026-10-04,2022106120,8,ミクニインスパイア,18,18,turf,2400,right,0.2833964228630066,nonmarket-shadow,turf_R3_2001_2600
202608040211,2026-10-04,2018104638,9,ミステリーウェイ,18,18,turf,2400,right,0.0377687960863113,nonmarket-shadow,turf_R3_2001_2600
202608040211,2026-10-04,2020105786,10,マイネルエンペラー,18,18,turf,2400,right,0.1082357987761497,nonmarket-shadow,turf_R3_2001_2600
202608040211,2026-10-04,2021100651,11,ファミリータイム,18,18,turf,2400,right,0.1664732843637466,nonmarket-shadow,turf_R3_2001_2600
202608040211,2026-10-04,2022105073,12,エコロディノス,18,18,turf,2400,right,0.2086136639118194,nonmarket-shadow,turf_R3_2001_2600
202608040211,2026-10-04,2021105541,13,サフィラ,18,18,turf,2400,right,0.080335833132267,nonmarket-shadow,turf_R3_2001_2600
202608040211,2026-10-04,2020100734,14,サヴォーナ,18,18,turf,2400,right,0.1069690659642219,nonmarket-shadow,turf_R3_2001_2600
202608040211,2026-10-04,2019104091,15,メイショウブレゲ,18,18,turf,2400,right,0.0101777492091059,nonmarket-shadow,turf_R3_2001_2600
202608040211,2026-10-04,2021105195,16,ショウナンラプンタ,18,18,turf,2400,right,0.1343397945165634,nonmarket-shadow,turf_R3_2001_2600
202608040211,2026-10-04,2022104207,17,キングスコール,18,18,turf,2400,right,0.1609964668750763,nonmarket-shadow,turf_R3_2001_2600
202608040211,2026-10-04,2022104645,18,ダノンシーマ,18,18,turf,2400,right,0.5644022822380066,nonmarket-shadow,turf_R3_2001_2600
202605040211,2026-10-04,2019102632,1,セイウンハーデス,17,17,turf,1800,left,0.1814998537302017,nonmarket-shadow,turf_G0
202605040211,2026-10-04,2023103604,2,リアライズシリウス,17,17,turf,1800,left,0.4500946402549743,nonmarket-shadow,turf_G0
202605040211,2026-10-04,2022104416,3,レディネス,17,17,turf,1800,left,0.1941615045070648,nonmarket-shadow,turf_G0
202605040211,2026-10-04,2022101420,4,サトノシャイニング,17,17,turf,1800,left,0.4610443413257599,nonmarket-shadow,turf_G0
202605040211,2026-10-04,2020101813,5,クルゼイロドスル,17,17,turf,1800,left,0.0742020457983017,nonmarket-shadow,turf_G0
202605040211,2026-10-04,2023103687,6,ライヒスアドラー,17,17,turf,1800,left,0.4502477943897247,nonmarket-shadow,turf_G0
202605040211,2026-10-04,2018104708,7,ロングラン,17,17,turf,1800,left,0.0131983608007431,nonmarket-shadow,turf_G0
202605040211,2026-10-04,2019101348,8,ビーアストニッシド,17,17,turf,1800,left,0.0176503993570804,nonmarket-shadow,turf_G0
202605040211,2026-10-04,2022105891,9,ドラゴンブースト,17,17,turf,1800,left,0.2903662621974945,nonmarket-shadow,turf_G0
202605040211,2026-10-04,2020100680,10,エルトンバローズ,17,17,turf,1800,left,0.2377674877643585,nonmarket-shadow,turf_G0
202605040211,2026-10-04,2022104401,11,ランスオブカオス,17,17,turf,1800,left,0.0987596213817596,nonmarket-shadow,turf_G0
202605040211,2026-10-04,2021105661,12,レガーロデルシエロ,17,17,turf,1800,left,0.2521944940090179,nonmarket-shadow,turf_G0
202605040211,2026-10-04,2020103941,13,ホウオウビスケッツ,17,17,turf,1800,left,0.103495679795742,nonmarket-shadow,turf_G0
202605040211,2026-10-04,2022104750,14,レイニング,17,17,turf,1800,left,0.2702870070934295,nonmarket-shadow,turf_G0
202605040211,2026-10-04,2020103075,15,シャンパンカラー,17,17,turf,1800,left,0.0536444298923015,nonmarket-shadow,turf_G0
202605040211,2026-10-04,2023105311,16,アドマイヤクワッズ,17,17,turf,1800,left,0.2670531570911407,nonmarket-shadow,turf_G0
202605040211,2026-10-04,2021105817,17,ダノンエアズロック,17,17,turf,1800,left,0.219679057598114,nonmarket-shadow,turf_G0
