race_id,race_date,racecourse,surface,distance_m,turn_direction,race_class,horse_id,horse_name,horse_no,sex,age,assigned_weight_kg,field_size,declared_field_size,draw_pct,career_starts,career_top3,turf_starts,turf_top3,same_distance_starts,same_distance_top3,same_course_starts,same_course_top3,prev_race_date,days_since_prev,distance_change_from_prev_m,surface_changed_from_prev,assigned_weight_delta_from_prev_kg,recent3_finish_pct_mean,recent3_top3_count,recent3_open_plus_count,recent3_graded_count,recent3_relative_time_mean,recent4_early_pos_pct_mean,front_forward_share,same_surface_starts,same_surface_top3,near_starts,near_top3,regime_starts,regime_top3,course_distance_starts,course_distance_top3
202608040211,2026-10-04,京都,turf,2400,right,Open,2021106645,ウエストナウ,1,M,5,57.0,18,18,0.0,15,6,15,6,1,1,5,3,2026-07-19,77,400.0,0.0,-0.5,0.1650326797385621,2,3.0,1.0,0.0020056497175141466,0.3909656519950637,0.2222222222222222,15.0,6.0,4.0,3.0,4.0,3.0,0.0,0.0
202608040211,2026-10-04,京都,turf,2400,right,Open,2020103060,ヴェルテンベルク,2,M,6,57.0,18,18,0.058823529411764705,27,12,27,12,2,0,6,1,2026-05-03,154,-800.0,0.0,-1.0,0.22344322344322343,1,3.0,3.0,0.0014307068828062813,0.7249515190691661,0.2222222222222222,27.0,12.0,5.0,2.0,5.0,2.0,2.0,0.0
202608040211,2026-10-04,京都,turf,2400,right,Open,2018104475,ディープモンスター,3,M,8,58.0,18,18,0.11764705882352941,27,14,27,14,3,1,7,4,2025-11-30,308,0.0,0.0,0.0,0.25277777777777777,2,3.0,3.0,0.005316694250818471,0.4329044117647059,0.2222222222222222,27.0,14.0,8.0,4.0,8.0,4.0,1.0,1.0
202608040211,2026-10-04,京都,turf,2400,right,Open,2021105521,ヘデントール,4,M,5,58.0,18,18,0.17647058823529413,11,8,11,8,2,1,4,2,2026-05-03,154,-800.0,0.0,0.0,0.30735930735930733,1,3.0,3.0,0.0030165355651010656,0.5260822510822512,0.2222222222222222,11.0,8.0,4.0,2.0,4.0,2.0,0.0,0.0
202608040211,2026-10-04,京都,turf,2400,right,Open,2020103945,ヴェルミセル,5,F,6,55.0,18,18,0.23529411764705882,26,8,26,8,2,1,4,1,2026-05-31,126,-100.0,0.0,1.0,0.652014652014652,0,3.0,3.0,0.004866121785839305,0.6931318681318681,0.2222222222222222,26.0,8.0,16.0,6.0,16.0,6.0,1.0,1.0
202608040211,2026-10-04,京都,turf,2400,right,Open,2021105433,アクアヴァーナル,6,F,5,55.0,18,18,0.29411764705882354,18,11,18,11,5,4,6,5,2026-05-03,154,-800.0,0.0,-1.0,0.10846560846560845,2,3.0,2.0,0.0013320795535560793,0.32291666666666663,0.2222222222222222,18.0,11.0,7.0,5.0,7.0,5.0,2.0,2.0
202608040211,2026-10-04,京都,turf,2400,right,Open,2020105633,リビアングラス,7,M,6,57.0,18,18,0.35294117647058826,23,7,23,7,3,1,9,4,2026-09-20,14,200.0,0.0,0.0,0.5833333333333334,0,3.0,2.0,0.012923292470540443,0.46212121212121215,0.2222222222222222,23.0,7.0,14.0,5.0,14.0,5.0,3.0,1.0
202608040211,2026-10-04,京都,turf,2400,right,Open,2022106120,ミクニインスパイア,8,M,4,57.0,18,18,0.4117647058823529,9,7,9,7,0,0,0,0,2026-06-14,112,200.0,0.0,-1.0,0.23949579831932774,2,2.0,2.0,0.006570983990766673,0.31351001939237233,0.2222222222222222,9.0,7.0,5.0,4.0,5.0,4.0,0.0,0.0
202608040211,2026-10-04,京都,turf,2400,right,Open,2018104638,ミステリーウェイ,9,G,8,58.0,18,18,0.47058823529411764,40,17,32,14,4,2,5,1,2026-06-14,112,200.0,0.0,0.0,0.7703081232492996,0,3.0,3.0,0.015041087220035563,0.16491596638655462,0.2222222222222222,32.0,14.0,26.0,13.0,26.0,13.0,1.0,0.0
202608040211,2026-10-04,京都,turf,2400,right,Open,2020105786,マイネルエンペラー,10,M,6,57.0,18,18,0.5294117647058824,25,12,25,12,3,2,8,4,2026-06-14,112,200.0,0.0,-1.0,0.5468409586056645,0,3.0,3.0,0.009459611540499712,0.47385620915032683,0.2222222222222222,25.0,12.0,13.0,7.0,13.0,7.0,2.0,2.0
202608040211,2026-10-04,京都,turf,2400,right,Open,2021100651,ファミリータイム,11,M,5,57.0,18,18,0.5882352941176471,17,10,17,10,3,3,5,3,2026-06-14,112,200.0,0.0,-1.0,0.42211328976034856,1,3.0,3.0,0.007983226715247939,0.21895424836601307,0.2222222222222222,17.0,10.0,11.0,8.0,11.0,8.0,2.0,2.0
202608040211,2026-10-04,京都,turf,2400,right,Open,2022105073,エコロディノス,12,M,4,57.0,18,18,0.6470588235294118,10,7,10,7,0,0,3,3,2026-06-28,98,400.0,0.0,0.0,0.5844155844155844,1,3.0,3.0,0.03309017906144648,0.20616883116883117,0.2222222222222222,10.0,7.0,2.0,2.0,2.0,2.0,0.0,0.0
202608040211,2026-10-04,京都,turf,2400,right,Open,2021105541,サフィラ,13,F,5,55.0,18,18,0.7058823529411765,18,7,18,7,1,0,5,3,2026-07-19,77,400.0,0.0,-0.5,0.68692092221504,0,3.0,3.0,0.007350302948971495,0.43423488276429456,0.2222222222222222,18.0,7.0,3.0,0.0,3.0,0.0,0.0,0.0
202608040211,2026-10-04,京都,turf,2400,right,Open,2020100734,サヴォーナ,14,M,6,57.0,18,18,0.7647058823529411,20,9,20,9,6,5,3,1,2026-08-30,35,400.0,0.0,0.0,0.3,1,3.0,2.0,0.005702615352466029,0.20238095238095238,0.2222222222222222,20.0,9.0,9.0,6.0,9.0,6.0,1.0,1.0
202608040211,2026-10-04,京都,turf,2400,right,Open,2019104091,メイショウブレゲ,15,M,7,57.0,18,18,0.8235294117647058,40,10,39,10,4,1,9,3,2026-03-22,196,-600.0,0.0,0.0,0.8122895622895623,0,3.0,2.0,0.0098817036233465,0.9182692307692308,0.2222222222222222,39.0,10.0,16.0,4.0,16.0,4.0,3.0,1.0
202608040211,2026-10-04,京都,turf,2400,right,Open,2021105195,ショウナンラプンタ,16,M,5,57.0,18,18,0.8823529411764706,13,6,13,6,4,2,3,1,2025-10-05,364,0.0,0.0,0.0,0.18855042016806722,1,3.0,3.0,0.0033338454103329306,0.7518382352941176,0.2222222222222222,13.0,6.0,7.0,4.0,7.0,4.0,1.0,0.0
202608040211,2026-10-04,京都,turf,2400,right,Open,2022104207,キングスコール,17,M,4,57.0,18,18,0.9411764705882353,15,7,15,7,3,1,4,0,2026-05-31,126,-100.0,0.0,2.0,0.3644688644688645,1,1.0,1.0,0.002981269712273374,0.39285714285714285,0.2222222222222222,15.0,7.0,6.0,2.0,6.0,2.0,1.0,0.0
202608040211,2026-10-04,京都,turf,2400,right,Open,2022104645,ダノンシーマ,18,M,4,57.0,18,18,1.0,11,11,11,11,4,4,2,2,2026-08-30,35,400.0,0.0,0.0,0.19202279202279202,3,3.0,3.0,0.001300366300366315,0.4596153846153846,0.2222222222222222,11.0,11.0,5.0,5.0,5.0,5.0,1.0,1.0
202605040211,2026-10-04,東京,turf,1800,left,Open,2019102632,セイウンハーデス,1,M,7,57.0,17,17,0.0,19,7,19,7,3,1,6,2,2026-06-07,119,200.0,0.0,-1.0,0.4397893772893773,0,3.0,3.0,0.00367105294385441,0.06696428571428571,0.29411764705882354,19.0,7.0,13.0,6.0,13.0,6.0,1.0,1.0
202605040211,2026-10-04,東京,turf,1800,left,Open,2023103604,リアライズシリウス,2,M,3,55.0,17,17,0.0625,6,4,6,4,1,1,3,2,2026-05-31,126,-600.0,0.0,-2.0,0.13725490196078433,2,3.0,3.0,0.0015924441062564944,0.08710407239819005,0.29411764705882354,6.0,4.0,5.0,4.0,5.0,4.0,1.0,1.0
202605040211,2026-10-04,東京,turf,1800,left,Open,2022104416,レディネス,3,M,4,57.0,17,17,0.125,9,4,9,4,4,2,5,2,2026-08-16,49,-200.0,0.0,-1.0,0.3863247863247863,1,3.0,1.0,0.008241112923107594,0.3060834590246355,0.29411764705882354,9.0,4.0,8.0,4.0,8.0,4.0,2.0,1.0
202605040211,2026-10-04,東京,turf,1800,left,Open,2022101420,サトノシャイニング,4,M,4,57.0,17,17,0.1875,7,5,7,5,3,3,3,2,2026-08-16,49,200.0,0.0,0.0,0.1699346405228758,2,3.0,3.0,0.00233727099504692,0.2740196078431373,0.29411764705882354,7.0,5.0,6.0,5.0,6.0,5.0,2.0,2.0
202605040211,2026-10-04,東京,turf,1800,left,Open,2020101813,クルゼイロドスル,5,M,6,57.0,17,17,0.25,24,7,24,7,7,2,8,3,2026-09-05,29,200.0,0.0,0.0,0.538235294117647,0,3.0,1.0,0.00673251783998589,0.6612745098039216,0.29411764705882354,24.0,7.0,22.0,7.0,22.0,7.0,4.0,1.0
202605040211,2026-10-04,東京,turf,1800,left,Open,2023103687,ライヒスアドラー,6,M,3,55.0,17,17,0.3125,6,5,6,5,3,3,2,1,2026-08-09,56,0.0,0.0,0.0,0.17647058823529413,2,2.0,2.0,0.0018785671391606674,0.397875816993464,0.29411764705882354,6.0,5.0,5.0,5.0,5.0,5.0,1.0,1.0
202605040211,2026-10-04,東京,turf,1800,left,Open,2018104708,ロングラン,7,G,8,57.0,17,17,0.375,31,9,23,7,12,6,4,0,2026-06-07,119,200.0,0.0,-1.0,0.9347222222222222,0,3.0,3.0,0.016398505165481997,0.658639705882353,0.29411764705882354,23.0,7.0,22.0,7.0,22.0,7.0,2.0,0.0
202605040211,2026-10-04,東京,turf,1800,left,Open,2019101348,ビーアストニッシド,8,M,7,57.0,17,17,0.4375,32,6,31,6,7,2,3,1,2026-08-22,43,400.0,0.0,-1.0,0.7016402714932127,0,3.0,0.0,0.010473856639965034,0.770545814479638,0.29411764705882354,31.0,6.0,23.0,5.0,23.0,5.0,2.0,1.0
202605040211,2026-10-04,東京,turf,1800,left,Open,2022105891,ドラゴンブースト,9,M,4,57.0,17,17,0.5,12,6,11,6,2,2,2,0,2026-06-07,119,200.0,0.0,-1.0,0.16544117647058823,2,3.0,2.0,0.0025714072584799184,0.37144607843137256,0.29411764705882354,11.0,6.0,10.0,6.0,10.0,6.0,0.0,0.0
202605040211,2026-10-04,東京,turf,1800,left,Open,2020100680,エルトンバローズ,10,M,6,57.0,17,17,0.5625,22,11,22,11,9,7,5,2,2026-07-26,70,200.0,0.0,-2.0,0.2398190045248869,1,3.0,3.0,0.006179846447021996,0.4438914027149321,0.29411764705882354,22.0,11.0,20.0,11.0,20.0,11.0,3.0,2.0
202605040211,2026-10-04,東京,turf,1800,left,Open,2022104401,ランスオブカオス,11,M,4,57.0,17,17,0.625,11,6,11,6,1,1,1,0,2026-07-26,70,200.0,0.0,-1.0,0.725992961287079,0,3.0,2.0,0.021775398238225937,0.23159879336349923,0.29411764705882354,11.0,6.0,9.0,4.0,9.0,4.0,0.0,0.0
202605040211,2026-10-04,東京,turf,1800,left,Open,2021105661,レガーロデルシエロ,12,M,5,57.0,17,17,0.6875,17,10,15,10,7,4,5,4,2026-08-08,57,0.0,0.0,1.0,0.36944444444444446,1,3.0,1.0,0.0032269116860311705,0.7260416666666667,0.29411764705882354,15.0,10.0,15.0,10.0,15.0,10.0,3.0,2.0
202605040211,2026-10-04,東京,turf,1800,left,Open,2020103941,ホウオウビスケッツ,13,M,6,57.0,17,17,0.75,21,11,21,11,4,4,8,5,2026-08-16,49,-200.0,0.0,-1.0,0.7945512820512821,0,3.0,3.0,0.014804083860849452,0.054086538461538464,0.29411764705882354,21.0,11.0,19.0,11.0,19.0,11.0,2.0,2.0
202605040211,2026-10-04,東京,turf,1800,left,Open,2022104750,レイニング,14,M,4,57.0,17,17,0.8125,9,5,9,5,4,2,6,5,2026-08-08,57,0.0,0.0,1.0,0.2627450980392157,1,1.0,0.0,0.002976259356201473,0.47535350678733035,0.29411764705882354,9.0,5.0,9.0,5.0,9.0,5.0,2.0,2.0
202605040211,2026-10-04,東京,turf,1800,left,Open,2020103075,シャンパンカラー,15,M,6,58.0,17,17,0.875,18,4,17,4,1,0,9,3,2026-06-07,119,200.0,0.0,0.0,0.6167986425339366,0,3.0,3.0,0.007329571532923909,0.6002922322775264,0.29411764705882354,17.0,4.0,15.0,4.0,15.0,4.0,0.0,0.0
202605040211,2026-10-04,東京,turf,1800,left,Open,2023105311,アドマイヤクワッズ,16,M,3,55.0,17,17,0.9375,6,5,6,5,0,0,2,2,2026-05-10,147,200.0,0.0,-2.0,0.38779956427015244,2,3.0,3.0,0.005076677671488758,0.3655103066867773,0.29411764705882354,6.0,5.0,6.0,5.0,6.0,5.0,0.0,0.0
202605040211,2026-10-04,東京,turf,1800,left,Open,2021105817,ダノンエアズロック,17,M,5,57.0,17,17,1.0,13,6,13,6,6,3,8,4,2026-06-13,113,0.0,0.0,0.0,0.14786324786324787,2,3.0,0.0,0.0014479081214109708,0.18173076923076925,0.29411764705882354,13.0,6.0,12.0,6.0,12.0,6.0,6.0,3.0
