outer_year,family,name,race_macro_brier,race_macro_log_loss,runner_micro_brier,runner_micro_log_loss,races,rows,config_id,complexity_rank,mean_brier_delta_vs_inner_best,se_brier_delta_vs_inner_best,within_one_se_of_inner_best,inner_point_best,inner_selected
2023,random_forest,RF06,0.1545755530454245,0.47620154288368205,0.1489949555497035,0.4639574795713673,516,6658,RF06,6,0.0,0.0,True,True,False
2023,random_forest,RF05,0.15472868925662642,0.47655865082796656,0.14902849744157393,0.4640754679793463,516,6658,RF05,5,0.000153136211201895,0.00021447052063951135,True,False,False
2023,random_forest,RF04,0.15473632125054476,0.47642473651017275,0.1489380948649346,0.4638225336966183,516,6658,RF04,4,0.00016076820512025888,0.00044466824822816795,True,False,True
2023,random_forest,RF03,0.15509220052721084,0.4774214653363564,0.14913929930183226,0.4644574061120831,516,6658,RF03,3,0.0005166474817863235,0.0004799756310402123,False,False,False
2023,random_forest,RF02,0.1569813310247668,0.48286594905451913,0.15050731603307238,0.46870683752823866,516,6658,RF02,2,0.0024057779793422956,0.0006973079033531116,False,False,False
2023,random_forest,RF01,0.15707973278843682,0.4830813804888065,0.15054924882311846,0.4687900149472143,516,6658,RF01,1,0.002504179743012291,0.0007079304990604531,False,False,False
2023,hist_gradient_boosting,HGB01,0.15276343142247042,0.47122286290537685,0.14804812016392918,0.4612269089885667,516,6658,HGB01,1,0.0,0.0,True,True,True
2023,hist_gradient_boosting,HGB03,0.15338805185998014,0.47258473118359756,0.1483295603199547,0.462020720185578,516,6658,HGB03,3,0.0006246204375097205,0.00034857860727523725,False,False,False
2023,hist_gradient_boosting,HGB02,0.1536407550891872,0.47313221207062384,0.14850785910060738,0.4621409167770591,516,6658,HGB02,2,0.0008773236667168141,0.0004532032202530149,False,False,False
2023,hist_gradient_boosting,HGB04,0.1546069383147244,0.47628675907326606,0.14972149960456052,0.4662970328751669,516,6658,HGB04,4,0.0018435068922539879,0.000652247676863677,False,False,False
2023,hist_gradient_boosting,HGB05,0.15676415774016564,0.4830750448570101,0.15197540150045818,0.47341800482869495,516,6658,HGB05,5,0.00400072631769523,0.000877190256715135,False,False,False
2023,hist_gradient_boosting,HGB06,0.16232581364459867,0.5047001240995487,0.15654506603210605,0.49339386123604906,516,6658,HGB06,6,0.009562382222128246,0.001261197147345517,False,False,False
2023,xgboost,XGB01,0.15188492896523947,0.4693650306719325,0.14741178133277894,0.45989808998254533,516,6658,XGB01,1,0.0,0.0,True,True,True
2023,xgboost,XGB02,0.15220147648655186,0.4699964967885518,0.14768803962126376,0.46047118779703594,516,6658,XGB02,2,0.0003165475213123658,0.00030317926460869964,False,False,False
2023,xgboost,XGB03,0.1522974734433964,0.470556927631002,0.14793704922476297,0.461387764650748,516,6658,XGB03,3,0.00041254447815690853,0.0002817878255732054,False,False,False
2023,xgboost,XGB04,0.15421485270176372,0.4756884320250526,0.1493198988331471,0.4652267643863923,516,6658,XGB04,4,0.0023299237365242242,0.0007060782332654822,False,False,False
2023,xgboost,XGB05,0.1557191264641215,0.48007610031224973,0.15088765991672573,0.4701172592554291,516,6658,XGB05,5,0.0038341974988819966,0.0007373262352399923,False,False,False
2023,xgboost,XGB06,0.1586966586244086,0.49210967863467825,0.15442085013583198,0.4835929222363536,516,6658,XGB06,6,0.006811729659169104,0.0011289983819170008,False,False,False
2024,random_forest,RF06,0.15377933410489214,0.4733846271953347,0.14909618397847363,0.4634719797101231,766,9852,RF06,6,0.0,0.0,True,True,False
2024,random_forest,RF05,0.15383885709858475,0.47349012471876156,0.1490429245860391,0.46336721556534005,766,9852,RF05,5,5.952299369258558e-05,0.00016743068834882885,True,False,False
2024,random_forest,RF04,0.15412270208317524,0.47448272337494257,0.14910262091414395,0.4638262458195497,766,9852,RF04,4,0.00034336797828307507,0.0003631354132088565,True,False,True
2024,random_forest,RF03,0.1544329029206599,0.4753005407189064,0.14928356898202913,0.46436366389352407,766,9852,RF03,3,0.0006535688157677462,0.00038671199491801807,False,False,False
2024,random_forest,RF02,0.15635669270002017,0.4809965102825207,0.15067816690808944,0.4687867464878119,766,9852,RF02,2,0.0025773585951280225,0.0005725940366079708,False,False,False
2024,random_forest,RF01,0.15643416461131956,0.48115425016472,0.15072211557499082,0.46887838703921164,766,9852,RF01,1,0.0026548305064274056,0.0005783650487477694,False,False,False
2024,hist_gradient_boosting,HGB01,0.1520033026042767,0.4686525460223871,0.14797429131724302,0.46031079711771966,766,9852,HGB01,1,0.0,0.0,True,True,True
2024,hist_gradient_boosting,HGB03,0.15270197251892806,0.4702186255878951,0.14848186655881224,0.4616974064837094,766,9852,HGB03,3,0.0006986699146513678,0.0002921405436208227,False,False,False
2024,hist_gradient_boosting,HGB02,0.15285690013767603,0.47056960132587755,0.14859569768880626,0.46176213974211816,766,9852,HGB02,2,0.0008535975333993365,0.00034638652843232954,False,False,False
2024,hist_gradient_boosting,HGB04,0.15372853275862705,0.4729908838495436,0.14957310429380924,0.4648337385575294,766,9852,HGB04,4,0.0017252301543503785,0.0004921004422708081,False,False,False
2024,hist_gradient_boosting,HGB05,0.1559906014521518,0.4797948717605162,0.15191624411341753,0.47186057337458415,766,9852,HGB05,5,0.003987298847875099,0.0007017779682757465,False,False,False
2024,hist_gradient_boosting,HGB06,0.16040696998351467,0.49731367340155314,0.15568912760667056,0.4887360150491312,766,9852,HGB06,6,0.008403667379237994,0.0009826822691251275,False,False,False
2024,xgboost,XGB01,0.15133644932386847,0.4669881690803277,0.14746971202981046,0.4590535396822081,766,9852,XGB01,1,0.0,0.0,True,True,True
2024,xgboost,XGB03,0.15155399500719166,0.4675834486501011,0.14786534591111566,0.4600861652644088,766,9852,XGB03,3,0.00021754568332319046,0.00022078667288960184,True,False,False
2024,xgboost,XGB02,0.15162592103358563,0.4675542525332737,0.147791036370594,0.45975015963221216,766,9852,XGB02,2,0.000289471709717174,0.00022913420286871378,False,False,False
2024,xgboost,XGB04,0.15369519445656862,0.47346932293992156,0.1497742069591513,0.4655572893169523,766,9852,XGB04,4,0.0023587451327001627,0.0005695478527059913,False,False,False
2024,xgboost,XGB05,0.15475012771046776,0.4764905585065813,0.1507867929449366,0.46869069512531325,766,9852,XGB05,5,0.003413678386599275,0.0005575883556128855,False,False,False
2024,xgboost,XGB06,0.1586273414904711,0.49046031863599904,0.15522613542599772,0.4843219988708662,766,9852,XGB06,6,0.007290892166602637,0.0009261651615802271,False,False,False
