name,bin,rows,mean_predicted,observed_top3_rate,min_predicted,max_predicted,calibration_gap
l2_logistic_c0.1,0,632,0.04830497352456112,0.04272151898734177,0.0035223084682366474,0.06793353249678497,-0.005583454537219347
l2_logistic_c0.1,1,631,0.08275753825300271,0.06973058637083994,0.06800859219959993,0.09628906531449283,-0.013026951882162768
l2_logistic_c0.1,2,631,0.11137546811529103,0.10142630744849446,0.09637247520390886,0.12678301301505465,-0.009949160666796575
l2_logistic_c0.1,3,631,0.14026539438684424,0.11885895404120443,0.12680784228212488,0.15516762782502963,-0.021406440345639807
l2_logistic_c0.1,4,632,0.1727308910797678,0.16930379746835442,0.15523836999141394,0.18973258041138005,-0.0034270936114133843
l2_logistic_c0.1,5,631,0.209301387579979,0.2091917591125198,0.1898885473243102,0.2294505159758104,-0.00010962846745918298
l2_logistic_c0.1,6,631,0.25044401907322605,0.21870047543581617,0.22953306769831838,0.2745710634899942,-0.03174354363740989
l2_logistic_c0.1,7,631,0.3006007885886979,0.29635499207606975,0.27467547213680266,0.32948519773455914,-0.0042457965126281305
l2_logistic_c0.1,8,631,0.37126825365357463,0.38827258320126784,0.3296645485169316,0.4188859327579589,0.01700432954769321
l2_logistic_c0.1,9,632,0.5058397898180476,0.46835443037974683,0.4191030420787584,0.8560753722790397,-0.037485359438300725
random_forest,0,632,0.06544728588022829,0.04272151898734177,0.03332594799515129,0.0839187503391843,-0.022725766892886516
random_forest,1,631,0.09654922528868351,0.06656101426307448,0.083924687880355,0.10909974300581331,-0.02998821102560903
random_forest,2,631,0.12378002800754213,0.12044374009508717,0.10911599409892339,0.13714955235097162,-0.003336287912454966
random_forest,3,631,0.15113279648175595,0.1347068145800317,0.13722514526337565,0.16446648877406425,-0.016425981901724257
random_forest,4,632,0.1794551431880612,0.15348101265822786,0.16447734450914478,0.1948836175247591,-0.025974130529833328
random_forest,5,631,0.21089763256908262,0.2202852614896989,0.19505997568034683,0.22714932984632227,0.009387628920616287
random_forest,6,631,0.24690670937035142,0.2329635499207607,0.22717669113337743,0.26707394286205455,-0.013943159449590709
random_forest,7,631,0.29077627562515135,0.2979397781299525,0.2671345635430153,0.3145982482488534,0.007163502504801134
random_forest,8,631,0.34300783109397187,0.3518225039619651,0.3148040643934376,0.3732921445483901,0.008814672867993256
random_forest,9,632,0.4183073507414758,0.4620253164556962,0.37330600215944776,0.5527231182054857,0.04371796571422043
hist_gradient_boosting,0,632,0.04596998128323683,0.04113924050632911,0.013560429536643274,0.06519596103388596,-0.004830740776907719
hist_gradient_boosting,1,631,0.07928622159479762,0.07448494453248812,0.06521593756917839,0.09398594448744768,-0.0048012770623094975
hist_gradient_boosting,2,631,0.10720759317240866,0.098256735340729,0.09408395320462912,0.12155946778933185,-0.008950857831679662
hist_gradient_boosting,3,631,0.13703753459349888,0.12678288431061807,0.12167790821516516,0.15240311139400742,-0.010254650282880806
hist_gradient_boosting,4,632,0.1687824612874901,0.15664556962025317,0.15242260175698163,0.18623256763991206,-0.012136891667236943
hist_gradient_boosting,5,631,0.2053444383371508,0.2076069730586371,0.1863450087073311,0.22540908115247646,0.002262534721486298
hist_gradient_boosting,6,631,0.24839116233976427,0.24405705229793978,0.22541723272528197,0.27141044207826576,-0.0043341100418244904
hist_gradient_boosting,7,631,0.2980327232333521,0.294770206022187,0.2714290218405693,0.32787682320469136,-0.0032625172111651057
hist_gradient_boosting,8,631,0.3679548161163848,0.3549920760697306,0.3278956325407413,0.4134801804740764,-0.012962740046654209
hist_gradient_boosting,9,632,0.4933302075844067,0.48417721518987344,0.41348342927696063,0.7941201966978602,-0.009152992394533266
xgboost,0,632,0.04204170842937936,0.03955696202531646,0.00971619039773941,0.06266762316226959,-0.002484746404062904
xgboost,1,631,0.07805942860911652,0.07290015847860538,0.06267023086547852,0.09286575764417648,-0.005159270130511137
xgboost,2,631,0.10729467826297658,0.0919175911251981,0.09290625900030136,0.12233272939920425,-0.01537708713777848
xgboost,3,631,0.13731585459550474,0.12044374009508717,0.12234809249639511,0.15218520164489746,-0.016872114500417576
xgboost,4,632,0.1679203772233634,0.16139240506329114,0.15223240852355957,0.18523776531219482,-0.006527972160072254
xgboost,5,631,0.20589466215880284,0.21077654516640254,0.1853352189064026,0.22745276987552643,0.004881883007599702
xgboost,6,631,0.2507495445135845,0.24247226624405704,0.2274589240550995,0.2747088372707367,-0.008277278269527455
xgboost,7,631,0.30177193100781147,0.2931854199683043,0.2749482989311218,0.33183303475379944,-0.008586511039507194
xgboost,8,631,0.371025266105135,0.37400950871632327,0.33211788535118103,0.41632500290870667,0.0029842426111882925
xgboost,9,632,0.4988440593963937,0.4762658227848101,0.4165933132171631,0.8120948076248169,-0.02257823661158359
