provider_id,race_id,race_date,meeting_day_id,race_no,target_flat,schedule_row_text,schedule_source_url,schedule_retrieved_at
2606010101,202606010101,2026-01-04,26060101,1,True,1R 10:05 サラ系3歳未勝利 ダート・右 1200m 3歳未勝利 馬齢 1着 7 14 フュルスティン,https://sports.yahoo.co.jp/keiba/race/list/26060101,2026-10-04T00:40:40.298253+00:00
2606010102,202606010102,2026-01-04,26060101,2,True,2R 10:35 サラ系3歳未勝利 ダート・右 1800m 3歳未勝利 馬齢 1着 4 4 フィンガー,https://sports.yahoo.co.jp/keiba/race/list/26060101,2026-10-04T00:40:40.298253+00:00
2606010103,202606010103,2026-01-04,26060101,3,True,3R 11:05 サラ系3歳新馬 ダート・右 1200m 3歳新馬 馬齢 1着 7 14 エアサロメ,https://sports.yahoo.co.jp/keiba/race/list/26060101,2026-10-04T00:40:40.298253+00:00
2606010104,202606010104,2026-01-04,26060101,4,True,4R 11:35 サラ系3歳未勝利 ダート・右 1800m 3歳未勝利 馬齢 1着 6 7 サトノリシャール,https://sports.yahoo.co.jp/keiba/race/list/26060101,2026-10-04T00:40:40.298253+00:00
2606010105,202606010105,2026-01-04,26060101,5,True,5R 12:25 サラ系3歳未勝利 芝・右・外 1600m 3歳未勝利 馬齢 1着 8 16 タイセイアストロ,https://sports.yahoo.co.jp/keiba/race/list/26060101,2026-10-04T00:40:40.298253+00:00
2606010106,202606010106,2026-01-04,26060101,6,True,6R 12:55 サラ系3歳新馬 芝・右 2000m 3歳新馬 馬齢 1着 4 8 トップオブザライン,https://sports.yahoo.co.jp/keiba/race/list/26060101,2026-10-04T00:40:40.298253+00:00
2606010107,202606010107,2026-01-04,26060101,7,True,7R 13:25 サラ系4歳上500万円以下 ダート・右 1800m 4歳以上1勝クラス(500万下) 定量 1着 7 13 バタール,https://sports.yahoo.co.jp/keiba/race/list/26060101,2026-10-04T00:40:40.298253+00:00
2606010108,202606010108,2026-01-04,26060101,8,True,8R 13:55 サラ系4歳上500万円以下 ダート・右 1200m 4歳以上1勝クラス(500万下) 定量 1着 2 4 ラヴァグロウ,https://sports.yahoo.co.jp/keiba/race/list/26060101,2026-10-04T00:40:40.298253+00:00
2606010109,202606010109,2026-01-04,26060101,9,True,9R 14:30 招福ステークス ダート・右 1800m 4歳以上3勝クラス(1600万下) 定量 1着 3 3 アスクデビューモア,https://sports.yahoo.co.jp/keiba/race/list/26060101,2026-10-04T00:40:40.298253+00:00
2606010110,202606010110,2026-01-04,26060101,10,True,10R 15:05 ジュニアカップ L 芝・右・外 1600m 3歳オープン 別定 1着 4 4 リゾートアイランド,https://sports.yahoo.co.jp/keiba/race/list/26060101,2026-10-04T00:40:40.298253+00:00
2606010111,202606010111,2026-01-04,26060101,11,True,11R 15:45 日刊スポーツ賞中山金杯 GIII 芝・右 2000m 4歳以上オープン ハンデ 1着 7 11 カラマティアノス,https://sports.yahoo.co.jp/keiba/race/list/26060101,2026-10-04T00:40:40.298253+00:00
2606010112,202606010112,2026-01-04,26060101,12,True,12R 16:25 サラ系4歳上1000万円以下 ダート・右 1200m 4歳以上2勝クラス(1000万下) 定量 1着 7 13 スリーピース,https://sports.yahoo.co.jp/keiba/race/list/26060101,2026-10-04T00:40:40.298253+00:00
2608010101,202608010101,2026-01-04,26080101,1,True,1R 9:50 サラ系3歳未勝利 ダート・右 1200m 3歳未勝利 馬齢 1着 5 9 リーグナイト,https://sports.yahoo.co.jp/keiba/race/list/26080101,2026-10-04T00:40:55.441264+00:00
2608010102,202608010102,2026-01-04,26080101,2,True,2R 10:20 サラ系3歳未勝利 ダート・右 1800m 3歳未勝利 馬齢 1着 1 2 タガノエルー,https://sports.yahoo.co.jp/keiba/race/list/26080101,2026-10-04T00:40:55.441264+00:00
2608010103,202608010103,2026-01-04,26080101,3,True,3R 10:50 サラ系3歳未勝利 ダート・右 1400m 3歳未勝利 馬齢 1着 6 11 ハードシングス,https://sports.yahoo.co.jp/keiba/race/list/26080101,2026-10-04T00:40:55.441264+00:00
2608010104,202608010104,2026-01-04,26080101,4,True,4R 11:20 サラ系3歳新馬 ダート・右 1800m 3歳新馬 馬齢 1着 4 4 ペイシャプル,https://sports.yahoo.co.jp/keiba/race/list/26080101,2026-10-04T00:40:55.441264+00:00
2608010105,202608010105,2026-01-04,26080101,5,True,5R 12:10 サラ系3歳新馬 芝・右・外 1800m 3歳新馬 馬齢 1着 4 8 タイキルッジェーロ,https://sports.yahoo.co.jp/keiba/race/list/26080101,2026-10-04T00:40:55.441264+00:00
2608010106,202608010106,2026-01-04,26080101,6,True,6R 12:40 サラ系3歳500万円以下 芝・右 2000m 3歳1勝クラス(500万下) 馬齢 1着 2 2 ジュウリョクピエロ,https://sports.yahoo.co.jp/keiba/race/list/26080101,2026-10-04T00:40:55.441264+00:00
2608010107,202608010107,2026-01-04,26080101,7,True,7R 13:10 サラ系4歳上500万円以下 ダート・右 1800m 4歳以上1勝クラス(500万下) 定量 1着 2 2 クインズショコラ,https://sports.yahoo.co.jp/keiba/race/list/26080101,2026-10-04T00:40:55.441264+00:00
2608010108,202608010108,2026-01-04,26080101,8,True,8R 13:40 サラ系4歳上500万円以下 ダート・右 1200m 4歳以上1勝クラス(500万下) 定量 1着 6 11 イマージョン,https://sports.yahoo.co.jp/keiba/race/list/26080101,2026-10-04T00:40:55.441264+00:00
2608010109,202608010109,2026-01-04,26080101,9,True,9R 14:15 天ケ瀬特別 ダート・右 1800m 4歳以上2勝クラス(1000万下) 定量 1着 6 9 グランドプラージュ,https://sports.yahoo.co.jp/keiba/race/list/26080101,2026-10-04T00:40:55.441264+00:00
2608010110,202608010110,2026-01-04,26080101,10,True,10R 14:50 寿ステークス 芝・右 2000m 4歳以上3勝クラス(1600万下) 定量 1着 2 2 タガノデュード,https://sports.yahoo.co.jp/keiba/race/list/26080101,2026-10-04T00:40:55.441264+00:00
2608010111,202608010111,2026-01-04,26080101,11,True,11R 15:30 スポーツニッポン賞京都金杯 GIII 芝・右・外 1600m 4歳以上オープン ハンデ 1着 7 15 ブエナオンダ,https://sports.yahoo.co.jp/keiba/race/list/26080101,2026-10-04T00:40:55.441264+00:00
2608010112,202608010112,2026-01-04,26080101,12,True,12R 16:10 サラ系4歳上1000万円以下 芝・右・外 1400m 4歳以上2勝クラス(1000万下) 定量 1着 7 10 ララマセラシオン,https://sports.yahoo.co.jp/keiba/race/list/26080101,2026-10-04T00:40:55.441264+00:00
2606010201,202606010201,2026-01-05,26060102,1,True,1R 10:05 サラ系3歳未勝利 ダート・右 1200m 3歳未勝利 馬齢 1着 3 5 ヴァイオスペース,https://sports.yahoo.co.jp/keiba/race/list/26060102,2026-10-04T00:40:41.794304+00:00
2606010202,202606010202,2026-01-05,26060102,2,True,2R 10:35 サラ系3歳未勝利 ダート・右 1800m 3歳未勝利 馬齢 1着 6 12 ラングドシャ,https://sports.yahoo.co.jp/keiba/race/list/26060102,2026-10-04T00:40:41.794304+00:00
2606010203,202606010203,2026-01-05,26060102,3,True,3R 11:05 サラ系3歳未勝利 ダート・右 1800m 3歳未勝利 馬齢 1着 3 3 カフェラジェム,https://sports.yahoo.co.jp/keiba/race/list/26060102,2026-10-04T00:40:41.794304+00:00
2606010204,202606010204,2026-01-05,26060102,4,True,4R 11:35 サラ系4歳上500万円以下 ダート・右 2400m 4歳以上1勝クラス(500万下) 定量 1着 7 11 キャストロププ,https://sports.yahoo.co.jp/keiba/race/list/26060102,2026-10-04T00:40:41.794304+00:00
2606010205,202606010205,2026-01-05,26060102,5,True,5R 12:25 サラ系3歳新馬 芝・右・外 1600m 3歳新馬 馬齢 1着 6 12 デイトナチャンプ,https://sports.yahoo.co.jp/keiba/race/list/26060102,2026-10-04T00:40:41.794304+00:00
2606010206,202606010206,2026-01-05,26060102,6,True,6R 12:55 サラ系3歳未勝利 芝・右 2000m 3歳未勝利 馬齢 1着 6 12 イモータリス,https://sports.yahoo.co.jp/keiba/race/list/26060102,2026-10-04T00:40:41.794304+00:00
2606010207,202606010207,2026-01-05,26060102,7,True,7R 13:25 サラ系3歳500万円以下 芝・右 2000m 3歳1勝クラス(500万下) 馬齢 1着 2 2 ステラスペース,https://sports.yahoo.co.jp/keiba/race/list/26060102,2026-10-04T00:40:41.794304+00:00
2606010208,202606010208,2026-01-05,26060102,8,False,8R 14:00 中山新春ジャンプステークス 障害・芝→ダート 3200m 障害4歳以上オープン 別定 1着 5 5 コンテナワールド,https://sports.yahoo.co.jp/keiba/race/list/26060102,2026-10-04T00:40:41.794304+00:00
2606010209,202606010209,2026-01-05,26060102,9,True,9R 14:35 初茜賞 ダート・右 1800m 4歳以上2勝クラス(1000万下) 定量 1着 3 3 オーケーバーディー,https://sports.yahoo.co.jp/keiba/race/list/26060102,2026-10-04T00:40:41.794304+00:00
2606010210,202606010210,2026-01-05,26060102,10,True,10R 15:10 初日の出賞 芝・右 2000m 4歳以上2勝クラス(1000万下) 定量 1着 1 1 ダンツファイター,https://sports.yahoo.co.jp/keiba/race/list/26060102,2026-10-04T00:40:41.794304+00:00
2606010211,202606010211,2026-01-05,26060102,11,True,11R 15:45 サンライズステークス 芝・右・外 1200m 4歳以上3勝クラス(1600万下) ハンデ 1着 8 13 ウインアイオライト,https://sports.yahoo.co.jp/keiba/race/list/26060102,2026-10-04T00:40:41.794304+00:00
2606010212,202606010212,2026-01-05,26060102,12,True,12R 16:25 サラ系4歳上500万円以下 ダート・右 1200m 4歳以上1勝クラス(500万下) 定量 1着 6 12 ビーコング,https://sports.yahoo.co.jp/keiba/race/list/26060102,2026-10-04T00:40:41.794304+00:00
2608010201,202608010201,2026-01-05,26080102,1,True,1R 9:50 サラ系3歳未勝利 ダート・右 1800m 3歳未勝利 馬齢 1着 5 8 ルージュビバーチェ,https://sports.yahoo.co.jp/keiba/race/list/26080102,2026-10-04T00:40:57.252077+00:00
2608010202,202608010202,2026-01-05,26080102,2,True,2R 10:20 サラ系3歳未勝利 ダート・右 1900m 3歳未勝利 馬齢 1着 4 8 エドウィンナルコ,https://sports.yahoo.co.jp/keiba/race/list/26080102,2026-10-04T00:40:57.252077+00:00
2608010203,202608010203,2026-01-05,26080102,3,True,3R 10:50 サラ系3歳新馬 ダート・右 1200m 3歳新馬 馬齢 1着 1 1 マナボニート,https://sports.yahoo.co.jp/keiba/race/list/26080102,2026-10-04T00:40:57.252077+00:00
2608010204,202608010204,2026-01-05,26080102,4,True,4R 11:20 サラ系3歳500万円以下 ダート・右 1800m 3歳1勝クラス(500万下) 馬齢 1着 7 9 テイエムサンレーヴ,https://sports.yahoo.co.jp/keiba/race/list/26080102,2026-10-04T00:40:57.252077+00:00
2608010205,202608010205,2026-01-05,26080102,5,True,5R 12:10 サラ系3歳未勝利 芝・右 2000m 3歳未勝利 馬齢 1着 1 2 タガノアルトゥーラ,https://sports.yahoo.co.jp/keiba/race/list/26080102,2026-10-04T00:40:57.252077+00:00
2608010206,202608010206,2026-01-05,26080102,6,True,6R 12:40 サラ系3歳未勝利 芝・右 1600m 3歳未勝利 馬齢 1着 4 6 ベルサンローラン,https://sports.yahoo.co.jp/keiba/race/list/26080102,2026-10-04T00:40:57.252077+00:00
2608010207,202608010207,2026-01-05,26080102,7,True,7R 13:10 サラ系4歳上500万円以下 ダート・右 1800m 4歳以上1勝クラス(500万下) 定量 1着 7 13 ルクスフレンジー,https://sports.yahoo.co.jp/keiba/race/list/26080102,2026-10-04T00:40:57.252077+00:00
2608010208,202608010208,2026-01-05,26080102,8,True,8R 13:45 サラ系4歳上1000万円以下 ダート・右 1200m 4歳以上2勝クラス(1000万下) 定量 1着 4 6 イリフィ,https://sports.yahoo.co.jp/keiba/race/list/26080102,2026-10-04T00:40:57.252077+00:00
2608010209,202608010209,2026-01-05,26080102,9,True,9R 14:20 逢坂山特別 芝・右・外 1800m 4歳以上2勝クラス(1000万下) 定量 1着 3 3 チェルノボーグ,https://sports.yahoo.co.jp/keiba/race/list/26080102,2026-10-04T00:40:57.252077+00:00
2608010210,202608010210,2026-01-05,26080102,10,True,10R 14:55 門松ステークス ダート・右 1200m 4歳以上3勝クラス(1600万下) 定量 1着 6 11 ヒルノドゴール,https://sports.yahoo.co.jp/keiba/race/list/26080102,2026-10-04T00:40:57.252077+00:00
2608010211,202608010211,2026-01-05,26080102,11,True,11R 15:30 万葉ステークス 芝・右・外 3000m 4歳以上オープン ハンデ 1着 5 5 アクアヴァーナル,https://sports.yahoo.co.jp/keiba/race/list/26080102,2026-10-04T00:40:57.252077+00:00
2608010212,202608010212,2026-01-05,26080102,12,True,12R 16:10 サラ系4歳上500万円以下 芝・右・外 1600m 4歳以上1勝クラス(500万下) 定量 1着 6 11 サンタンカ,https://sports.yahoo.co.jp/keiba/race/list/26080102,2026-10-04T00:40:57.252077+00:00
2606010301,202606010301,2026-01-10,26060103,1,True,1R 10:05 サラ系3歳未勝利 ダート・右 1200m 3歳未勝利 馬齢 1着 6 11 ライヴレッドアイ,https://sports.yahoo.co.jp/keiba/race/list/26060103,2026-10-04T00:40:43.305158+00:00
2606010302,202606010302,2026-01-10,26060103,2,True,2R 10:35 サラ系3歳未勝利 ダート・右 1800m 3歳未勝利 馬齢 1着 1 2 ベルウッドピース,https://sports.yahoo.co.jp/keiba/race/list/26060103,2026-10-04T00:40:43.305158+00:00
2606010303,202606010303,2026-01-10,26060103,3,True,3R 11:05 サラ系3歳未勝利 ダート・右 1200m 3歳未勝利 馬齢 1着 6 12 コックピットサイト,https://sports.yahoo.co.jp/keiba/race/list/26060103,2026-10-04T00:40:43.305158+00:00
2606010304,202606010304,2026-01-10,26060103,4,True,4R 11:35 サラ系3歳新馬 ダート・右 1800m 3歳新馬 馬齢 1着 8 11 ガーヴィ,https://sports.yahoo.co.jp/keiba/race/list/26060103,2026-10-04T00:40:43.305158+00:00
2606010305,202606010305,2026-01-10,26060103,5,True,5R 12:25 サラ系3歳新馬 芝・右 2000m 3歳新馬 馬齢 1着 8 14 ランザワールド,https://sports.yahoo.co.jp/keiba/race/list/26060103,2026-10-04T00:40:43.305158+00:00
2606010306,202606010306,2026-01-10,26060103,6,True,6R 12:55 サラ系4歳上500万円以下 ダート・右 1800m 4歳以上1勝クラス(500万下) 定量 1着 8 15 ニシノブレイゼスト,https://sports.yahoo.co.jp/keiba/race/list/26060103,2026-10-04T00:40:43.305158+00:00
2606010307,202606010307,2026-01-10,26060103,7,True,7R 13:25 サラ系3歳未勝利 芝・右・外 1600m 3歳未勝利 馬齢 1着 3 6 ディールメーカー,https://sports.yahoo.co.jp/keiba/race/list/26060103,2026-10-04T00:40:43.305158+00:00
2606010308,202606010308,2026-01-10,26060103,8,True,8R 14:01 サラ系4歳上1000万円以下 ダート・右 1800m 4歳以上2勝クラス(1000万下) 定量 1着 8 12 エクリプスルバン,https://sports.yahoo.co.jp/keiba/race/list/26060103,2026-10-04T00:40:43.305158+00:00
2606010309,202606010309,2026-01-10,26060103,9,True,9R 14:35 黒竹賞 ダート・右 1800m 3歳1勝クラス(500万下) 馬齢 1着 4 4 マクリール,https://sports.yahoo.co.jp/keiba/race/list/26060103,2026-10-04T00:40:43.305158+00:00
2606010310,202606010310,2026-01-10,26060103,10,True,10R 15:10 初凪賞 芝・右・外 1600m 4歳以上2勝クラス(1000万下) 定量 1着 8 16 マテンロウブラボー,https://sports.yahoo.co.jp/keiba/race/list/26060103,2026-10-04T00:40:43.305158+00:00
2606010311,202606010311,2026-01-10,26060103,11,True,11R 15:45 迎春ステークス 芝・右・外 2200m 4歳以上3勝クラス(1600万下) 定量 1着 7 13 アスクナイスショー,https://sports.yahoo.co.jp/keiba/race/list/26060103,2026-10-04T00:40:43.305158+00:00
2606010312,202606010312,2026-01-10,26060103,12,True,12R 16:25 サラ系4歳上500万円以下 ダート・右 1200m 4歳以上1勝クラス(500万下) 定量 1着 1 2 キボウノホシ,https://sports.yahoo.co.jp/keiba/race/list/26060103,2026-10-04T00:40:43.305158+00:00
2608010301,202608010301,2026-01-10,26080103,1,True,1R 9:50 サラ系3歳未勝利 ダート・右 1800m 3歳未勝利 馬齢 1着 3 6 クイーンズドリーム,https://sports.yahoo.co.jp/keiba/race/list/26080103,2026-10-04T00:40:58.977498+00:00
2608010302,202608010302,2026-01-10,26080103,2,True,2R 10:20 サラ系3歳未勝利 ダート・右 1900m 3歳未勝利 馬齢 1着 8 14 セイントホース,https://sports.yahoo.co.jp/keiba/race/list/26080103,2026-10-04T00:40:58.977498+00:00
2608010303,202608010303,2026-01-10,26080103,3,True,3R 10:50 サラ系3歳新馬 ダート・右 1400m 3歳新馬 馬齢 1着 1 2 ビービークローサー,https://sports.yahoo.co.jp/keiba/race/list/26080103,2026-10-04T00:40:58.977498+00:00
2608010304,202608010304,2026-01-10,26080103,4,True,4R 11:20 サラ系3歳500万円以下 ダート・右 1800m 3歳1勝クラス(500万下) 馬齢 1着 5 5 タガノアバンドーネ,https://sports.yahoo.co.jp/keiba/race/list/26080103,2026-10-04T00:40:58.977498+00:00
2608010305,202608010305,2026-01-10,26080103,5,True,5R 12:10 サラ系3歳未勝利 芝・右 1600m 3歳未勝利 馬齢 1着 3 6 ダンデノン,https://sports.yahoo.co.jp/keiba/race/list/26080103,2026-10-04T00:40:58.977498+00:00
2608010306,202608010306,2026-01-10,26080103,6,True,6R 12:40 サラ系3歳未勝利 芝・右・外 2400m 3歳未勝利 馬齢 1着 3 6 ガウディ,https://sports.yahoo.co.jp/keiba/race/list/26080103,2026-10-04T00:40:58.977498+00:00
2608010307,202608010307,2026-01-10,26080103,7,True,7R 13:10 サラ系4歳上500万円以下 ダート・右 1200m 4歳以上1勝クラス(500万下) 定量 1着 5 9 ベンダバール,https://sports.yahoo.co.jp/keiba/race/list/26080103,2026-10-04T00:40:58.977498+00:00
2608010308,202608010308,2026-01-10,26080103,8,False,8R 13:45 牛若丸ジャンプステークス 障害・芝→ダート 3170m 障害4歳以上オープン 別定 1着 5 5 シホノスペランツァ,https://sports.yahoo.co.jp/keiba/race/list/26080103,2026-10-04T00:40:58.977498+00:00
2608010309,202608010309,2026-01-10,26080103,9,True,9R 14:20 出町特別 ダート・右 1800m 4歳以上2勝クラス(1000万下) 定量 1着 4 4 モズカトレア,https://sports.yahoo.co.jp/keiba/race/list/26080103,2026-10-04T00:40:58.977498+00:00
2608010310,202608010310,2026-01-10,26080103,10,True,10R 14:55 鹿ケ谷特別 芝・右 1200m 4歳以上2勝クラス(1000万下) ハンデ 1着 5 10 ジャスパーディビネ,https://sports.yahoo.co.jp/keiba/race/list/26080103,2026-10-04T00:40:58.977498+00:00
2608010311,202608010311,2026-01-10,26080103,11,True,11R 15:30 すばるステークス L ダート・右 1400m 4歳以上オープン 別定 1着 2 4 キタノズエッジ,https://sports.yahoo.co.jp/keiba/race/list/26080103,2026-10-04T00:40:58.977498+00:00
2608010312,202608010312,2026-01-10,26080103,12,True,12R 16:10 サラ系4歳上500万円以下 芝・右・外 1400m 4歳以上1勝クラス(500万下) 定量 1着 7 14 サーナーティオン,https://sports.yahoo.co.jp/keiba/race/list/26080103,2026-10-04T00:40:58.977498+00:00
2606010401,202606010401,2026-01-11,26060104,1,True,1R 10:05 サラ系3歳未勝利 ダート・右 1200m 3歳未勝利 馬齢 1着 3 6 ゼファーテソーロ,https://sports.yahoo.co.jp/keiba/race/list/26060104,2026-10-04T00:40:45.055839+00:00
2606010402,202606010402,2026-01-11,26060104,2,True,2R 10:35 サラ系3歳未勝利 ダート・右 1800m 3歳未勝利 馬齢 1着 7 13 ノーブルクラウド,https://sports.yahoo.co.jp/keiba/race/list/26060104,2026-10-04T00:40:45.055839+00:00
2606010403,202606010403,2026-01-11,26060104,3,True,3R 11:05 サラ系3歳未勝利 ダート・右 1800m 3歳未勝利 馬齢 1着 8 16 ファイタージェット,https://sports.yahoo.co.jp/keiba/race/list/26060104,2026-10-04T00:40:45.055839+00:00
2606010404,202606010404,2026-01-11,26060104,4,True,4R 11:35 サラ系3歳500万円以下 ダート・右 1200m 3歳1勝クラス(500万下) 馬齢 1着 1 1 エコロシード,https://sports.yahoo.co.jp/keiba/race/list/26060104,2026-10-04T00:40:45.055839+00:00
2606010405,202606010405,2026-01-11,26060104,5,True,5R 12:25 サラ系3歳新馬 ダート・右 1800m 3歳新馬 馬齢 1着 1 2 エスシービクトリア,https://sports.yahoo.co.jp/keiba/race/list/26060104,2026-10-04T00:40:45.055839+00:00
2606010406,202606010406,2026-01-11,26060104,6,True,6R 12:55 サラ系3歳未勝利 芝・右・外 2200m 3歳未勝利 馬齢 1着 7 15 グランアルト,https://sports.yahoo.co.jp/keiba/race/list/26060104,2026-10-04T00:40:45.055839+00:00
2606010407,202606010407,2026-01-11,26060104,7,True,7R 13:25 サラ系4歳上500万円以下 ダート・右 1800m 4歳以上1勝クラス(500万下) 定量 1着 5 9 サトミノエンジェル,https://sports.yahoo.co.jp/keiba/race/list/26060104,2026-10-04T00:40:45.055839+00:00
2606010408,202606010408,2026-01-11,26060104,8,True,8R 13:55 サラ系4歳上500万円以下 芝・右・外 1600m 4歳以上1勝クラス(500万下) 定量 1着 4 7 クライスレリアーナ,https://sports.yahoo.co.jp/keiba/race/list/26060104,2026-10-04T00:40:45.055839+00:00
2606010409,202606010409,2026-01-11,26060104,9,True,9R 14:30 初咲賞 芝・右 1800m 4歳以上2勝クラス(1000万下) 定量 1着 5 7 コンドゥイア,https://sports.yahoo.co.jp/keiba/race/list/26060104,2026-10-04T00:40:45.055839+00:00
2606010410,202606010410,2026-01-11,26060104,10,True,10R 15:05 ポルックスステークス ダート・右 1800m 4歳以上オープン 別定 1着 2 3 カゼノランナー,https://sports.yahoo.co.jp/keiba/race/list/26060104,2026-10-04T00:40:45.055839+00:00
2606010411,202606010411,2026-01-11,26060104,11,True,11R 15:45 フェアリーステークス GIII 芝・右・外 1600m 3歳オープン 馬齢 1着 8 15 ブラックチャリス,https://sports.yahoo.co.jp/keiba/race/list/26060104,2026-10-04T00:40:45.055839+00:00
2606010412,202606010412,2026-01-11,26060104,12,True,12R 16:25 サラ系4歳上1000万円以下 ダート・右 1200m 4歳以上2勝クラス(1000万下) 定量 1着 6 12 スプランドゥール,https://sports.yahoo.co.jp/keiba/race/list/26060104,2026-10-04T00:40:45.055839+00:00
2608010401,202608010401,2026-01-11,26080104,1,True,1R 9:50 サラ系3歳未勝利 ダート・右 1800m 3歳未勝利 馬齢 1着 2 3 キタノシャカール,https://sports.yahoo.co.jp/keiba/race/list/26080104,2026-10-04T00:41:00.801742+00:00
2608010402,202608010402,2026-01-11,26080104,2,True,2R 10:20 サラ系3歳新馬 ダート・右 1800m 3歳新馬 馬齢 1着 5 10 ハッピーラブソング,https://sports.yahoo.co.jp/keiba/race/list/26080104,2026-10-04T00:41:00.801742+00:00
2608010403,202608010403,2026-01-11,26080104,3,True,3R 10:50 サラ系3歳未勝利 ダート・右 1400m 3歳未勝利 馬齢 1着 2 3 ウルスツイスター,https://sports.yahoo.co.jp/keiba/race/list/26080104,2026-10-04T00:41:00.801742+00:00
2608010404,202608010404,2026-01-11,26080104,4,False,4R 11:20 サラ系障害4歳上未勝利 障害・芝→ダート 2910m 障害4歳以上未勝利 定量 1着 4 5 レッドファーロ,https://sports.yahoo.co.jp/keiba/race/list/26080104,2026-10-04T00:41:00.801742+00:00
2608010405,202608010405,2026-01-11,26080104,5,True,5R 12:10 サラ系3歳500万円以下 ダート・右 1400m 3歳1勝クラス(500万下) 馬齢 1着 7 7 ライトオブヌカタ,https://sports.yahoo.co.jp/keiba/race/list/26080104,2026-10-04T00:41:00.801742+00:00
2608010406,202608010406,2026-01-11,26080104,6,True,6R 12:40 サラ系4歳上500万円以下 ダート・右 1800m 4歳以上1勝クラス(500万下) 定量 1着 8 13 サンライズバレット,https://sports.yahoo.co.jp/keiba/race/list/26080104,2026-10-04T00:41:00.801742+00:00
2608010407,202608010407,2026-01-11,26080104,7,True,7R 13:10 サラ系4歳上500万円以下 芝・右 2000m 4歳以上1勝クラス(500万下) 定量 1着 7 12 ロールザダイス,https://sports.yahoo.co.jp/keiba/race/list/26080104,2026-10-04T00:41:00.801742+00:00
2608010408,202608010408,2026-01-11,26080104,8,True,8R 13:40 サラ系4歳上1000万円以下 ダート・右 1400m 4歳以上2勝クラス(1000万下) 定量 1着 8 15 ラファル,https://sports.yahoo.co.jp/keiba/race/list/26080104,2026-10-04T00:41:00.801742+00:00
2608010409,202608010409,2026-01-11,26080104,9,True,9R 14:15 五条坂特別 ダート・右 1900m 4歳以上2勝クラス(1000万下) 定量 1着 8 9 キーチパルフェ,https://sports.yahoo.co.jp/keiba/race/list/26080104,2026-10-04T00:41:00.801742+00:00
2608010410,202608010410,2026-01-11,26080104,10,True,10R 14:50 新春ステークス 芝・右・外 1600m 4歳以上3勝クラス(1600万下) 定量 1着 6 11 ベラジオボンド,https://sports.yahoo.co.jp/keiba/race/list/26080104,2026-10-04T00:41:00.801742+00:00
2608010411,202608010411,2026-01-11,26080104,11,True,11R 15:30 淀短距離ステークス L 芝・右 1200m 4歳以上オープン 別定 1着 6 12 ヤブサメ,https://sports.yahoo.co.jp/keiba/race/list/26080104,2026-10-04T00:41:00.801742+00:00
2608010412,202608010412,2026-01-11,26080104,12,True,12R 16:10 サラ系3歳未勝利 芝・右・外 1800m 3歳未勝利 馬齢 1着 6 12 ナリタエスペランサ,https://sports.yahoo.co.jp/keiba/race/list/26080104,2026-10-04T00:41:00.801742+00:00
2606010501,202606010501,2026-01-12,26060105,1,True,1R 9:50 サラ系3歳未勝利 ダート・右 1200m 3歳未勝利 馬齢 1着 3 5 アイスメルティング,https://sports.yahoo.co.jp/keiba/race/list/26060105,2026-10-04T00:40:46.558773+00:00
2606010502,202606010502,2026-01-12,26060105,2,True,2R 10:20 サラ系3歳未勝利 ダート・右 1800m 3歳未勝利 馬齢 1着 2 4 ホールドザデイ,https://sports.yahoo.co.jp/keiba/race/list/26060105,2026-10-04T00:40:46.558773+00:00
2606010503,202606010503,2026-01-12,26060105,3,True,3R 10:50 サラ系3歳未勝利 ダート・右 1800m 3歳未勝利 馬齢 1着 1 1 ジェイエルモーダル,https://sports.yahoo.co.jp/keiba/race/list/26060105,2026-10-04T00:40:46.558773+00:00
2606010504,202606010504,2026-01-12,26060105,4,False,4R 11:20 サラ系障害4歳上未勝利 障害・芝→ダート 2880m 障害4歳以上未勝利 定量 1着 7 11 ヒットアンドロール,https://sports.yahoo.co.jp/keiba/race/list/26060105,2026-10-04T00:40:46.558773+00:00
2606010505,202606010505,2026-01-12,26060105,5,True,5R 12:10 サラ系3歳新馬 ダート・右 1200m 3歳新馬 馬齢 1着 8 15 スローモーション,https://sports.yahoo.co.jp/keiba/race/list/26060105,2026-10-04T00:40:46.558773+00:00
2606010506,202606010506,2026-01-12,26060105,6,True,6R 12:40 サラ系3歳未勝利 芝・右 2000m 3歳未勝利 馬齢 1着 6 11 サトノマティーニ,https://sports.yahoo.co.jp/keiba/race/list/26060105,2026-10-04T00:40:46.558773+00:00
2606010507,202606010507,2026-01-12,26060105,7,True,7R 13:10 サラ系4歳上500万円以下 ダート・右 1800m 4歳以上1勝クラス(500万下) 定量 1着 1 1 フィールオーサム,https://sports.yahoo.co.jp/keiba/race/list/26060105,2026-10-04T00:40:46.558773+00:00
2606010508,202606010508,2026-01-12,26060105,8,True,8R 13:40 サラ系3歳500万円以下 芝・右・外 1200m 3歳1勝クラス(500万下) 馬齢 1着 2 2 ヒシアイラ,https://sports.yahoo.co.jp/keiba/race/list/26060105,2026-10-04T00:40:46.558773+00:00
2606010509,202606010509,2026-01-12,26060105,9,True,9R 14:15 成田特別 ダート・右 2400m 4歳以上2勝クラス(1000万下) 定量 1着 1 2 ダカラフェスティヴ,https://sports.yahoo.co.jp/keiba/race/list/26060105,2026-10-04T00:40:46.558773+00:00
2606010510,202606010510,2026-01-12,26060105,10,True,10R 14:50 初春ステークス ダート・右 1200m 4歳以上3勝クラス(1600万下) ハンデ 1着 8 15 ドラゴンウェルズ,https://sports.yahoo.co.jp/keiba/race/list/26060105,2026-10-04T00:40:46.558773+00:00
2606010511,202606010511,2026-01-12,26060105,11,True,11R 15:30 ニューイヤーステークス L 芝・右・外 1600m 4歳以上オープン 別定 1着 3 4 カピリナ,https://sports.yahoo.co.jp/keiba/race/list/26060105,2026-10-04T00:40:46.558773+00:00
2606010512,202606010512,2026-01-12,26060105,12,True,12R 16:10 サラ系4歳上500万円以下 芝・右 2000m 4歳以上1勝クラス(500万下) 定量 1着 1 1 キャピタルリッチ,https://sports.yahoo.co.jp/keiba/race/list/26060105,2026-10-04T00:40:46.558773+00:00
2608010501,202608010501,2026-01-12,26080105,1,True,1R 10:05 サラ系3歳未勝利 ダート・右 1200m 3歳未勝利 馬齢 1着 7 14 ウォーターサグラダ,https://sports.yahoo.co.jp/keiba/race/list/26080105,2026-10-04T00:41:02.459511+00:00
2608010502,202608010502,2026-01-12,26080105,2,True,2R 10:35 サラ系3歳未勝利 ダート・右 1800m 3歳未勝利 馬齢 1着 4 7 サヴォアフェール,https://sports.yahoo.co.jp/keiba/race/list/26080105,2026-10-04T00:41:02.459511+00:00
2608010503,202608010503,2026-01-12,26080105,3,True,3R 11:05 サラ系3歳未勝利 ダート・右 1400m 3歳未勝利 馬齢 1着 6 11 フェスティヴドレス,https://sports.yahoo.co.jp/keiba/race/list/26080105,2026-10-04T00:41:02.459511+00:00
2608010504,202608010504,2026-01-12,26080105,4,True,4R 11:35 サラ系3歳新馬 ダート・右 1800m 3歳新馬 馬齢 1着 5 10 アメリカンスタイル,https://sports.yahoo.co.jp/keiba/race/list/26080105,2026-10-04T00:41:02.459511+00:00
2608010505,202608010505,2026-01-12,26080105,5,True,5R 12:25 サラ系3歳新馬 芝・右 1600m 3歳新馬 馬齢 1着 3 6 ニシノサリーナ,https://sports.yahoo.co.jp/keiba/race/list/26080105,2026-10-04T00:41:02.459511+00:00
2608010506,202608010506,2026-01-12,26080105,6,True,6R 12:55 サラ系4歳上500万円以下 ダート・右 1800m 4歳以上1勝クラス(500万下) 定量 1着 8 8 レディゴディヴァ,https://sports.yahoo.co.jp/keiba/race/list/26080105,2026-10-04T00:41:02.459511+00:00
2608010507,202608010507,2026-01-12,26080105,7,True,7R 13:25 サラ系4歳上500万円以下 ダート・右 1400m 4歳以上1勝クラス(500万下) 定量 1着 7 14 メイケイレイン,https://sports.yahoo.co.jp/keiba/race/list/26080105,2026-10-04T00:41:02.459511+00:00
2608010508,202608010508,2026-01-12,26080105,8,True,8R 13:55 サラ系4歳上500万円以下 ダート・右 1900m 4歳以上1勝クラス(500万下) 定量 1着 4 7 グレイルクエスト,https://sports.yahoo.co.jp/keiba/race/list/26080105,2026-10-04T00:41:02.459511+00:00
2608010509,202608010509,2026-01-12,26080105,9,True,9R 14:30 琵琶湖特別 芝・右・外 2400m 4歳以上2勝クラス(1000万下) 定量 1着 7 10 アロンディ,https://sports.yahoo.co.jp/keiba/race/list/26080105,2026-10-04T00:41:02.459511+00:00
2608010510,202608010510,2026-01-12,26080105,10,True,10R 15:05 雅ステークス ダート・右 1800m 4歳以上3勝クラス(1600万下) ハンデ 1着 8 15 モックモック,https://sports.yahoo.co.jp/keiba/race/list/26080105,2026-10-04T00:41:02.459511+00:00
2608010511,202608010511,2026-01-12,26080105,11,True,11R 15:45 日刊スポーツ賞シンザン記念 GIII 芝・右・外 1600m 3歳オープン 馬齢 1着 2 3 サンダーストラック,https://sports.yahoo.co.jp/keiba/race/list/26080105,2026-10-04T00:41:02.459511+00:00
2608010512,202608010512,2026-01-12,26080105,12,True,12R 16:25 サラ系3歳未勝利 芝・右 1400m 3歳未勝利 馬齢 1着 5 9 ケールハイム,https://sports.yahoo.co.jp/keiba/race/list/26080105,2026-10-04T00:41:02.459511+00:00
2606010601,202606010601,2026-01-17,26060106,1,True,1R 10:05 サラ系3歳未勝利 ダート・右 1200m 3歳未勝利 馬齢 1着 6 11 サントマーレ,https://sports.yahoo.co.jp/keiba/race/list/26060106,2026-10-04T00:40:48.227745+00:00
2606010602,202606010602,2026-01-17,26060106,2,True,2R 10:35 サラ系3歳未勝利 ダート・右 1800m 3歳未勝利 馬齢 1着 7 13 ウリズンベー,https://sports.yahoo.co.jp/keiba/race/list/26060106,2026-10-04T00:40:48.227745+00:00
2606010603,202606010603,2026-01-17,26060106,3,True,3R 11:05 サラ系3歳新馬 ダート・右 1800m 3歳新馬 馬齢 1着 4 7 ガムラスタン,https://sports.yahoo.co.jp/keiba/race/list/26060106,2026-10-04T00:40:48.227745+00:00
2606010604,202606010604,2026-01-17,26060106,4,False,4R 11:35 サラ系障害4歳上未勝利 障害・芝→ダート 2880m 障害4歳以上未勝利 定量 1着 6 8 コレクテイニア,https://sports.yahoo.co.jp/keiba/race/list/26060106,2026-10-04T00:40:48.227745+00:00
2606010605,202606010605,2026-01-17,26060106,5,True,5R 12:25 サラ系3歳未勝利 芝・右 2000m 3歳未勝利 馬齢 1着 7 14 レダアトミカ,https://sports.yahoo.co.jp/keiba/race/list/26060106,2026-10-04T00:40:48.227745+00:00
2606010606,202606010606,2026-01-17,26060106,6,True,6R 12:55 サラ系4歳上500万円以下 ダート・右 1200m 4歳以上1勝クラス(500万下) 定量 1着 5 9 メッエフアパラ,https://sports.yahoo.co.jp/keiba/race/list/26060106,2026-10-04T00:40:48.227745+00:00
2606010607,202606010607,2026-01-17,26060106,7,True,7R 13:25 サラ系4歳上500万円以下 芝・右・外 2200m 4歳以上1勝クラス(500万下) 定量 1着 6 7 クリフハンガー,https://sports.yahoo.co.jp/keiba/race/list/26060106,2026-10-04T00:40:48.227745+00:00
2606010608,202606010608,2026-01-17,26060106,8,True,8R 13:55 サラ系4歳上1000万円以下 ダート・右 1200m 4歳以上2勝クラス(1000万下) 定量 1着 6 11 ゴールドハンマー,https://sports.yahoo.co.jp/keiba/race/list/26060106,2026-10-04T00:40:48.227745+00:00
2606010609,202606010609,2026-01-17,26060106,9,True,9R 14:31 菜の花賞 芝・右・外 1600m 3歳1勝クラス(500万下) 馬齢 1着 1 1 アメティスタ,https://sports.yahoo.co.jp/keiba/race/list/26060106,2026-10-04T00:40:48.227745+00:00
2606010610,202606010610,2026-01-17,26060106,10,True,10R 15:05 アレキサンドライトステークス ダート・右 1800m 4歳以上3勝クラス(1600万下) ハンデ 1着 2 3 チュウワクリスエス,https://sports.yahoo.co.jp/keiba/race/list/26060106,2026-10-04T00:40:48.227745+00:00
2606010611,202606010611,2026-01-17,26060106,11,True,11R 15:45 カーバンクルステークス 芝・右・外 1200m 4歳以上オープン ハンデ 1着 4 8 ウイングレイテスト,https://sports.yahoo.co.jp/keiba/race/list/26060106,2026-10-04T00:40:48.227745+00:00
2606010612,202606010612,2026-01-17,26060106,12,True,12R 16:25 サラ系4歳上1000万円以下 芝・右・外 1200m 4歳以上2勝クラス(1000万下) 定量 1着 4 8 カンシン,https://sports.yahoo.co.jp/keiba/race/list/26060106,2026-10-04T00:40:48.227745+00:00
2608010601,202608010601,2026-01-17,26080106,1,True,1R 9:50 サラ系3歳未勝利 ダート・右 1800m 3歳未勝利 馬齢 1着 7 8 リアライズグリント,https://sports.yahoo.co.jp/keiba/race/list/26080106,2026-10-04T00:41:04.107830+00:00
2608010602,202608010602,2026-01-17,26080106,2,True,2R 10:20 サラ系3歳未勝利 ダート・右 1200m 3歳未勝利 馬齢 1着 2 3 グラスゴー,https://sports.yahoo.co.jp/keiba/race/list/26080106,2026-10-04T00:41:04.107830+00:00
2608010603,202608010603,2026-01-17,26080106,3,True,3R 10:50 サラ系3歳未勝利 ダート・右 1900m 3歳未勝利 馬齢 1着 7 10 テスタヴェローチェ,https://sports.yahoo.co.jp/keiba/race/list/26080106,2026-10-04T00:41:04.107830+00:00
2608010604,202608010604,2026-01-17,26080106,4,True,4R 11:20 サラ系3歳新馬 ダート・右 1400m 3歳新馬 馬齢 1着 1 1 ホウショウルクス,https://sports.yahoo.co.jp/keiba/race/list/26080106,2026-10-04T00:41:04.107830+00:00
2608010605,202608010605,2026-01-17,26080106,5,True,5R 12:10 サラ系3歳未勝利 芝・右 2000m 3歳未勝利 馬齢 1着 5 9 ラコンチャビエン,https://sports.yahoo.co.jp/keiba/race/list/26080106,2026-10-04T00:41:04.107830+00:00
2608010606,202608010606,2026-01-17,26080106,6,True,6R 12:40 サラ系3歳500万円以下 ダート・右 1800m 3歳1勝クラス(500万下) 馬齢 1着 5 5 トリグラフヒル,https://sports.yahoo.co.jp/keiba/race/list/26080106,2026-10-04T00:41:04.107830+00:00
2608010607,202608010607,2026-01-17,26080106,7,True,7R 13:10 サラ系4歳上500万円以下 ダート・右 1400m 4歳以上1勝クラス(500万下) 定量 1着 5 9 レーティッシュ,https://sports.yahoo.co.jp/keiba/race/list/26080106,2026-10-04T00:41:04.107830+00:00
2608010608,202608010608,2026-01-17,26080106,8,True,8R 13:40 サラ系4歳上500万円以下 ダート・右 1800m 4歳以上1勝クラス(500万下) 定量 1着 8 8 ロカヒ,https://sports.yahoo.co.jp/keiba/race/list/26080106,2026-10-04T00:41:04.107830+00:00
2608010609,202608010609,2026-01-17,26080106,9,True,9R 14:15 稲荷特別 芝・右 2000m 4歳以上2勝クラス(1000万下) 定量 1着 8 9 ジェットマグナム,https://sports.yahoo.co.jp/keiba/race/list/26080106,2026-10-04T00:41:04.107830+00:00
2608010610,202608010610,2026-01-17,26080106,10,True,10R 14:50 紅梅ステークス L 芝・右・外 1400m 3歳オープン 別定 1着 8 9 リリージョワ,https://sports.yahoo.co.jp/keiba/race/list/26080106,2026-10-04T00:41:04.107830+00:00
2608010611,202608010611,2026-01-17,26080106,11,True,11R 15:30 羅生門ステークス ダート・右 1400m 4歳以上3勝クラス(1600万下) 定量 1着 3 5 エストレヤデベレン,https://sports.yahoo.co.jp/keiba/race/list/26080106,2026-10-04T00:41:04.107830+00:00
2608010612,202608010612,2026-01-17,26080106,12,True,12R 16:10 サラ系4歳上1000万円以下 芝・右・外 1600m 4歳以上2勝クラス(1000万下) 定量 1着 4 8 カズミクラーシュ,https://sports.yahoo.co.jp/keiba/race/list/26080106,2026-10-04T00:41:04.107830+00:00
2606010701,202606010701,2026-01-18,26060107,1,True,1R 10:05 サラ系3歳未勝利 ダート・右 1200m 3歳未勝利 馬齢 1着 5 10 マーガレットクレア,https://sports.yahoo.co.jp/keiba/race/list/26060107,2026-10-04T00:40:50.392179+00:00
2606010702,202606010702,2026-01-18,26060107,2,True,2R 10:35 サラ系3歳未勝利 ダート・右 1800m 3歳未勝利 馬齢 1着 3 6 デルマホダカ,https://sports.yahoo.co.jp/keiba/race/list/26060107,2026-10-04T00:40:50.392179+00:00
2606010703,202606010703,2026-01-18,26060107,3,True,3R 11:05 サラ系3歳未勝利 ダート・右 1800m 3歳未勝利 馬齢 1着 6 9 サイモフェーン,https://sports.yahoo.co.jp/keiba/race/list/26060107,2026-10-04T00:40:50.392179+00:00
2606010704,202606010704,2026-01-18,26060107,4,False,4R 11:35 サラ系障害4歳上未勝利 障害・芝→ダート 2880m 障害4歳以上未勝利 定量 1着 5 7 アスクオンディープ,https://sports.yahoo.co.jp/keiba/race/list/26060107,2026-10-04T00:40:50.392179+00:00
2606010705,202606010705,2026-01-18,26060107,5,True,5R 12:25 サラ系3歳新馬 芝・右・外 1600m 3歳新馬 馬齢 1着 4 8 サンプレクス,https://sports.yahoo.co.jp/keiba/race/list/26060107,2026-10-04T00:40:50.392179+00:00
2606010706,202606010706,2026-01-18,26060107,6,True,6R 12:55 サラ系4歳上500万円以下 ダート・右 1800m 4歳以上1勝クラス(500万下) 定量 1着 4 6 リラゲイル,https://sports.yahoo.co.jp/keiba/race/list/26060107,2026-10-04T00:40:50.392179+00:00
2606010707,202606010707,2026-01-18,26060107,7,True,7R 13:25 サラ系4歳上1000万円以下 芝・右・外 2200m 4歳以上2勝クラス(1000万下) 定量 1着 3 5 フィーリウス,https://sports.yahoo.co.jp/keiba/race/list/26060107,2026-10-04T00:40:50.392179+00:00
2606010708,202606010708,2026-01-18,26060107,8,True,8R 13:55 サラ系4歳上1000万円以下 ダート・右 1800m 4歳以上2勝クラス(1000万下) 定量 1着 4 7 レディーフランシス,https://sports.yahoo.co.jp/keiba/race/list/26060107,2026-10-04T00:40:50.392179+00:00
2606010709,202606010709,2026-01-18,26060107,9,True,9R 14:30 若潮ステークス 芝・右・外 1600m 4歳以上3勝クラス(1600万下) 定量 1着 4 7 ポルカリズム,https://sports.yahoo.co.jp/keiba/race/list/26060107,2026-10-04T00:40:50.392179+00:00
2606010710,202606010710,2026-01-18,26060107,10,True,10R 15:05 ジャニュアリーステークス ダート・右 1200m 4歳以上オープン 別定 1着 7 14 モンドプリューム,https://sports.yahoo.co.jp/keiba/race/list/26060107,2026-10-04T00:40:50.392179+00:00
2606010711,202606010711,2026-01-18,26060107,11,True,11R 15:45 京成杯 GIII 芝・右 2000m 3歳オープン 馬齢 1着 3 4 グリーンエナジー,https://sports.yahoo.co.jp/keiba/race/list/26060107,2026-10-04T00:40:50.392179+00:00
2606010712,202606010712,2026-01-18,26060107,12,True,12R 16:25 サラ系3歳未勝利 芝・右・外 1600m 3歳未勝利 馬齢 1着 4 8 サンヴィクトワール,https://sports.yahoo.co.jp/keiba/race/list/26060107,2026-10-04T00:40:50.392179+00:00
2608010701,202608010701,2026-01-18,26080107,1,True,1R 9:50 サラ系3歳未勝利 ダート・右 1200m 3歳未勝利 馬齢 1着 4 7 オンザノアール,https://sports.yahoo.co.jp/keiba/race/list/26080107,2026-10-04T00:41:05.647160+00:00
2608010702,202608010702,2026-01-18,26080107,2,True,2R 10:20 サラ系3歳未勝利 ダート・右 1800m 3歳未勝利 馬齢 1着 8 12 アミラル,https://sports.yahoo.co.jp/keiba/race/list/26080107,2026-10-04T00:41:05.647160+00:00
2608010703,202608010703,2026-01-18,26080107,3,True,3R 10:50 サラ系3歳未勝利 ダート・右 1400m 3歳未勝利 馬齢 1着 7 14 カフジクロミエ,https://sports.yahoo.co.jp/keiba/race/list/26080107,2026-10-04T00:41:05.647160+00:00
2608010704,202608010704,2026-01-18,26080107,4,True,4R 11:20 サラ系3歳500万円以下 ダート・右 1200m 3歳1勝クラス(500万下) 馬齢 1着 7 8 ラブルラウザー,https://sports.yahoo.co.jp/keiba/race/list/26080107,2026-10-04T00:41:05.647160+00:00
2608010705,202608010705,2026-01-18,26080107,5,True,5R 12:10 サラ系3歳新馬 芝・右 2000m 3歳新馬 馬齢 1着 2 4 クリスレジーナ,https://sports.yahoo.co.jp/keiba/race/list/26080107,2026-10-04T00:41:05.647160+00:00
2608010706,202608010706,2026-01-18,26080107,6,True,6R 12:40 サラ系3歳未勝利 芝・右 1600m 3歳未勝利 馬齢 1着 2 4 マゲバスピード,https://sports.yahoo.co.jp/keiba/race/list/26080107,2026-10-04T00:41:05.647160+00:00
2608010707,202608010707,2026-01-18,26080107,7,True,7R 13:10 サラ系4歳上500万円以下 ダート・右 1900m 4歳以上1勝クラス(500万下) 定量 1着 5 5 エンマ,https://sports.yahoo.co.jp/keiba/race/list/26080107,2026-10-04T00:41:05.647160+00:00
2608010708,202608010708,2026-01-18,26080107,8,True,8R 13:40 サラ系4歳上500万円以下 芝・右・外 2400m 4歳以上1勝クラス(500万下) 定量 1着 6 7 オメガナビゲーター,https://sports.yahoo.co.jp/keiba/race/list/26080107,2026-10-04T00:41:05.647160+00:00
2608010709,202608010709,2026-01-18,26080107,9,True,9R 14:15 小倉山特別 ダート・右 1400m 4歳以上2勝クラス(1000万下) 定量 1着 2 3 トゥロン,https://sports.yahoo.co.jp/keiba/race/list/26080107,2026-10-04T00:41:05.647160+00:00
2608010710,202608010710,2026-01-18,26080107,10,True,10R 14:50 大津特別 ダート・右 1800m 4歳以上2勝クラス(1000万下) 定量 1着 6 12 バッケンレコード,https://sports.yahoo.co.jp/keiba/race/list/26080107,2026-10-04T00:41:05.647160+00:00
2608010711,202608010711,2026-01-18,26080107,11,True,11R 15:30 日経新春杯 GII 芝・右・外 2400m 4歳以上オープン ハンデ 1着 5 6 ゲルチュタール,https://sports.yahoo.co.jp/keiba/race/list/26080107,2026-10-04T00:41:05.647160+00:00
2608010712,202608010712,2026-01-18,26080107,12,True,12R 16:10 サラ系4歳上500万円以下 芝・右・外 1600m 4歳以上1勝クラス(500万下) 定量 1着 3 3 サク,https://sports.yahoo.co.jp/keiba/race/list/26080107,2026-10-04T00:41:05.647160+00:00
2606010801,202606010801,2026-01-24,26060108,1,True,1R 9:55 サラ系3歳未勝利 ダート・右 1200m 3歳未勝利 馬齢 1着 8 16 ムーンブランシュ,https://sports.yahoo.co.jp/keiba/race/list/26060108,2026-10-04T00:40:52.230786+00:00
2606010802,202606010802,2026-01-24,26060108,2,True,2R 10:25 サラ系3歳未勝利 ダート・右 1800m 3歳未勝利 馬齢 1着 2 4 スノースコール,https://sports.yahoo.co.jp/keiba/race/list/26060108,2026-10-04T00:40:52.230786+00:00
2606010803,202606010803,2026-01-24,26060108,3,True,3R 10:55 サラ系3歳新馬 ダート・右 1200m 3歳新馬 馬齢 1着 6 12 サマーゲール,https://sports.yahoo.co.jp/keiba/race/list/26060108,2026-10-04T00:40:52.230786+00:00
2606010804,202606010804,2026-01-24,26060108,4,True,4R 11:25 サラ系3歳未勝利 ダート・右 1800m 3歳未勝利 馬齢 1着 2 3 テイクオンミー,https://sports.yahoo.co.jp/keiba/race/list/26060108,2026-10-04T00:40:52.230786+00:00
2606010805,202606010805,2026-01-24,26060108,5,True,5R 12:15 サラ系3歳未勝利 芝・右・外 2200m 3歳未勝利 馬齢 1着 8 17 ミッキーファルコン,https://sports.yahoo.co.jp/keiba/race/list/26060108,2026-10-04T00:40:52.230786+00:00
2606010806,202606010806,2026-01-24,26060108,6,True,6R 12:50 サラ系3歳500万円以下 ダート・右 1800m 3歳1勝クラス(500万下) 馬齢 1着 7 11 クラウトロック,https://sports.yahoo.co.jp/keiba/race/list/26060108,2026-10-04T00:40:52.230786+00:00
2606010807,202606010807,2026-01-24,26060108,7,True,7R 13:20 サラ系4歳上500万円以下 ダート・右 1200m 4歳以上1勝クラス(500万下) 定量 1着 7 14 ルーフオブヘヴン,https://sports.yahoo.co.jp/keiba/race/list/26060108,2026-10-04T00:40:52.230786+00:00
2606010808,202606010808,2026-01-24,26060108,8,True,8R 13:50 サラ系4歳上500万円以下 ダート・右 1800m 4歳以上1勝クラス(500万下) 定量 1着 8 11 キョウエイフロイデ,https://sports.yahoo.co.jp/keiba/race/list/26060108,2026-10-04T00:40:52.230786+00:00
2606010809,202606010809,2026-01-24,26060108,9,True,9R 14:20 東雲賞 芝・右 1800m 4歳以上2勝クラス(1000万下) 定量 1着 7 7 ドゥカート,https://sports.yahoo.co.jp/keiba/race/list/26060108,2026-10-04T00:40:52.230786+00:00
2606010810,202606010810,2026-01-24,26060108,10,True,10R 14:55 初霞賞 ダート・右 1800m 4歳以上2勝クラス(1000万下) 定量 1着 1 1 プルナチャンドラ,https://sports.yahoo.co.jp/keiba/race/list/26060108,2026-10-04T00:40:52.230786+00:00
2606010811,202606010811,2026-01-24,26060108,11,True,11R 15:30 初富士ステークス 芝・右 2000m 4歳以上3勝クラス(1600万下) ハンデ 1着 8 16 エセルフリーダ,https://sports.yahoo.co.jp/keiba/race/list/26060108,2026-10-04T00:40:52.230786+00:00
2606010812,202606010812,2026-01-24,26060108,12,True,12R 16:10 サラ系4歳上500万円以下 芝・右・外 1600m 4歳以上1勝クラス(500万下) 定量 1着 2 2 プリムツァール,https://sports.yahoo.co.jp/keiba/race/list/26060108,2026-10-04T00:40:52.230786+00:00
2608010801,202608010801,2026-01-24,26080108,1,True,1R 9:45 サラ系3歳未勝利 ダート・右 1800m 3歳未勝利 馬齢 1着 6 8 シャフメラン,https://sports.yahoo.co.jp/keiba/race/list/26080108,2026-10-04T00:41:07.237809+00:00
2608010802,202608010802,2026-01-24,26080108,2,True,2R 10:15 サラ系3歳未勝利 ダート・右 1200m 3歳未勝利 馬齢 1着 5 7 リアルアルバ,https://sports.yahoo.co.jp/keiba/race/list/26080108,2026-10-04T00:41:07.237809+00:00
2608010803,202608010803,2026-01-24,26080108,3,True,3R 10:45 サラ系3歳新馬 ダート・右 1800m 3歳新馬 馬齢 1着 5 9 ホーナー,https://sports.yahoo.co.jp/keiba/race/list/26080108,2026-10-04T00:41:07.237809+00:00
2608010804,202608010804,2026-01-24,26080108,4,True,4R 11:15 サラ系4歳上500万円以下 ダート・右 1400m 4歳以上1勝クラス(500万下) 定量 1着 3 5 ルクスデイジー,https://sports.yahoo.co.jp/keiba/race/list/26080108,2026-10-04T00:41:07.237809+00:00
2608010805,202608010805,2026-01-24,26080108,5,True,5R 12:05 サラ系3歳未勝利 芝・右・外 2200m 3歳未勝利 馬齢 1着 8 17 ブラックオリンピア,https://sports.yahoo.co.jp/keiba/race/list/26080108,2026-10-04T00:41:07.237809+00:00
2608010806,202608010806,2026-01-24,26080108,6,True,6R 12:40 サラ系3歳未勝利 芝・右 1400m 3歳未勝利 馬齢 1着 7 14 メルメラーダ,https://sports.yahoo.co.jp/keiba/race/list/26080108,2026-10-04T00:41:07.237809+00:00
2608010807,202608010807,2026-01-24,26080108,7,True,7R 13:10 サラ系4歳上500万円以下 ダート・右 1800m 4歳以上1勝クラス(500万下) 定量 1着 6 7 ワイドクリーガー,https://sports.yahoo.co.jp/keiba/race/list/26080108,2026-10-04T00:41:07.237809+00:00
2608010808,202608010808,2026-01-24,26080108,8,True,8R 13:40 サラ系4歳上1000万円以下 ダート・右 1200m 4歳以上2勝クラス(1000万下) 定量 1着 3 4 スペシャルナンバー,https://sports.yahoo.co.jp/keiba/race/list/26080108,2026-10-04T00:41:07.237809+00:00
2608010809,202608010809,2026-01-24,26080108,9,True,9R 14:10 若駒ステークス L 芝・右 2000m 3歳オープン 別定 1着 5 7 ショウナンハヤナミ,https://sports.yahoo.co.jp/keiba/race/list/26080108,2026-10-04T00:41:07.237809+00:00
2608010810,202608010810,2026-01-24,26080108,10,True,10R 14:45 下鴨ステークス ダート・右 1900m 4歳以上3勝クラス(1600万下) 定量 1着 3 4 アスクシュタイン,https://sports.yahoo.co.jp/keiba/race/list/26080108,2026-10-04T00:41:07.237809+00:00
2608010811,202608010811,2026-01-24,26080108,11,True,11R 15:20 睦月ステークス 芝・右・外 1600m 4歳以上オープン 別定 1着 4 5 レイベリング,https://sports.yahoo.co.jp/keiba/race/list/26080108,2026-10-04T00:41:07.237809+00:00
2608010812,202608010812,2026-01-24,26080108,12,True,12R 16:01 サラ系4歳上1000万円以下 芝・右・外 1400m 4歳以上2勝クラス(1000万下) 定量 1着 7 8 エイムフォーエース,https://sports.yahoo.co.jp/keiba/race/list/26080108,2026-10-04T00:41:07.237809+00:00
2610010101,202610010101,2026-01-24,26100101,1,True,1R 10:05 サラ系3歳未勝利 ダート・右 1700m 3歳未勝利 馬齢 1着 5 5 アンコールアゲイン,https://sports.yahoo.co.jp/keiba/race/list/26100101,2026-10-04T00:41:12.369109+00:00
2610010102,202610010102,2026-01-24,26100101,2,True,2R 10:35 サラ系3歳未勝利 芝・右 1800m 3歳未勝利 馬齢 1着 2 4 アルヴァンドルード,https://sports.yahoo.co.jp/keiba/race/list/26100101,2026-10-04T00:41:12.369109+00:00
2610010103,202610010103,2026-01-24,26100101,3,True,3R 11:05 サラ系3歳未勝利 ダート・右 1000m 3歳未勝利 馬齢 1着 2 2 カッタッパ,https://sports.yahoo.co.jp/keiba/race/list/26100101,2026-10-04T00:41:12.369109+00:00
2610010104,202610010104,2026-01-24,26100101,4,False,4R 11:35 サラ系障害4歳上オープン 障害・芝 3390m 障害4歳以上オープン 別定 1着 5 5 テイエムマジック,https://sports.yahoo.co.jp/keiba/race/list/26100101,2026-10-04T00:41:12.369109+00:00
2610010105,202610010105,2026-01-24,26100101,5,False,5R 12:25 サラ系障害4歳上未勝利 障害・芝 2860m 障害4歳以上未勝利 定量 1着 6 6 タイセイジャスパー,https://sports.yahoo.co.jp/keiba/race/list/26100101,2026-10-04T00:41:12.369109+00:00
2610010106,202610010106,2026-01-24,26100101,6,True,6R 13:00 サラ系3歳新馬 芝・右 2000m 3歳新馬 馬齢 1着 8 18 ボンドマティーニ,https://sports.yahoo.co.jp/keiba/race/list/26100101,2026-10-04T00:41:12.369109+00:00
2610010107,202610010107,2026-01-24,26100101,7,True,7R 13:30 サラ系4歳上500万円以下 芝・右 2600m 4歳以上1勝クラス(500万下) 定量 1着 8 15 スズカミエール,https://sports.yahoo.co.jp/keiba/race/list/26100101,2026-10-04T00:41:12.369109+00:00
2610010108,202610010108,2026-01-24,26100101,8,True,8R 14:00 サラ系4歳上500万円以下 ダート・右 2400m 4歳以上1勝クラス(500万下) 定量 1着 1 1 ベイラム,https://sports.yahoo.co.jp/keiba/race/list/26100101,2026-10-04T00:41:12.369109+00:00
2610010109,202610010109,2026-01-24,26100101,9,True,9R 14:31 萌黄賞 芝・右 1200m 3歳1勝クラス(500万下) 馬齢 1着 8 12 ルージュサウダージ,https://sports.yahoo.co.jp/keiba/race/list/26100101,2026-10-04T00:41:12.369109+00:00
2610010110,202610010110,2026-01-24,26100101,10,True,10R 15:05 海の中道特別 芝・右 2600m 4歳以上2勝クラス(1000万下) 定量 1着 4 4 キングスコール,https://sports.yahoo.co.jp/keiba/race/list/26100101,2026-10-04T00:41:12.369109+00:00
2610010111,202610010111,2026-01-24,26100101,11,True,11R 15:45 小倉牝馬ステークス GIII 芝・右 2000m 4歳以上オープン ハンデ 1着 8 17 ジョスラン,https://sports.yahoo.co.jp/keiba/race/list/26100101,2026-10-04T00:41:12.369109+00:00
2610010112,202610010112,2026-01-24,26100101,12,True,12R 16:25 サラ系4歳上500万円以下 ダート・右 1700m 4歳以上1勝クラス(500万下) 定量 1着 5 8 ラマンシュ,https://sports.yahoo.co.jp/keiba/race/list/26100101,2026-10-04T00:41:12.369109+00:00
2606010901,202606010901,2026-01-25,26060109,1,True,1R 10:05 サラ系3歳未勝利 ダート・右 1200m 3歳未勝利 馬齢 1着 3 6 アンプイットアップ,https://sports.yahoo.co.jp/keiba/race/list/26060109,2026-10-04T00:40:53.952784+00:00
2606010902,202606010902,2026-01-25,26060109,2,True,2R 10:35 サラ系3歳未勝利 ダート・右 1800m 3歳未勝利 馬齢 1着 7 12 プレイメイカー,https://sports.yahoo.co.jp/keiba/race/list/26060109,2026-10-04T00:40:53.952784+00:00
2606010903,202606010903,2026-01-25,26060109,3,True,3R 11:05 サラ系3歳未勝利 ダート・右 1200m 3歳未勝利 馬齢 1着 6 12 サトノエスケープ,https://sports.yahoo.co.jp/keiba/race/list/26060109,2026-10-04T00:40:53.952784+00:00
2606010904,202606010904,2026-01-25,26060109,4,True,4R 11:35 サラ系3歳新馬 ダート・右 1800m 3歳新馬 馬齢 1着 2 4 トーアエレクトラム,https://sports.yahoo.co.jp/keiba/race/list/26060109,2026-10-04T00:40:53.952784+00:00
2606010905,202606010905,2026-01-25,26060109,5,True,5R 12:25 サラ系3歳新馬 芝・右 2000m 3歳新馬 馬齢 1着 6 12 ヤマニンヘルシェ,https://sports.yahoo.co.jp/keiba/race/list/26060109,2026-10-04T00:40:53.952784+00:00
2606010906,202606010906,2026-01-25,26060109,6,True,6R 12:55 サラ系4歳上500万円以下 ダート・右 1800m 4歳以上1勝クラス(500万下) 定量 1着 5 9 コーリンカルベラ,https://sports.yahoo.co.jp/keiba/race/list/26060109,2026-10-04T00:40:53.952784+00:00
2606010907,202606010907,2026-01-25,26060109,7,True,7R 13:25 サラ系4歳上1000万円以下 芝・右・外 1600m 4歳以上2勝クラス(1000万下) 定量 1着 3 3 ストレイトトーカー,https://sports.yahoo.co.jp/keiba/race/list/26060109,2026-10-04T00:40:53.952784+00:00
2606010908,202606010908,2026-01-25,26060109,8,True,8R 13:55 サラ系4歳上1000万円以下 ダート・右 1200m 4歳以上2勝クラス(1000万下) 定量 1着 2 2 ハードセルツァー,https://sports.yahoo.co.jp/keiba/race/list/26060109,2026-10-04T00:40:53.952784+00:00
2606010909,202606010909,2026-01-25,26060109,9,True,9R 14:25 若竹賞 芝・右 1800m 3歳1勝クラス(500万下) 馬齢 1着 1 1 ブレナヴォン,https://sports.yahoo.co.jp/keiba/race/list/26060109,2026-10-04T00:40:53.952784+00:00
2606010910,202606010910,2026-01-25,26060109,10,True,10R 15:01 江戸川ステークス ダート・右 1200m 4歳以上3勝クラス(1600万下) 定量 1着 5 9 ルディック,https://sports.yahoo.co.jp/keiba/race/list/26060109,2026-10-04T00:40:53.952784+00:00
2606010911,202606010911,2026-01-25,26060109,11,True,11R 15:45 アメリカジョッキークラブカップ GII 芝・右・外 2200m 4歳以上オープン 別定 1着 5 9 ショウヘイ,https://sports.yahoo.co.jp/keiba/race/list/26060109,2026-10-04T00:40:53.952784+00:00
2606010912,202606010912,2026-01-25,26060109,12,True,12R 16:25 サラ系3歳未勝利 芝・右・外 1600m 3歳未勝利 馬齢 1着 8 15 ナイスプレーアスク,https://sports.yahoo.co.jp/keiba/race/list/26060109,2026-10-04T00:40:53.952784+00:00
2608010901,202608010901,2026-01-25,26080109,1,True,1R 10:55 サラ系3歳未勝利 ダート・右 1800m 3歳未勝利 馬齢 1着 5 5 ロックバンド,https://sports.yahoo.co.jp/keiba/race/list/26080109,2026-10-04T00:41:08.795021+00:00
2608010902,202608010902,2026-01-25,26080109,2,True,2R 11:20 サラ系3歳未勝利 ダート・右 1900m 3歳未勝利 馬齢 1着 8 16 ドメイン,https://sports.yahoo.co.jp/keiba/race/list/26080109,2026-10-04T00:41:08.795021+00:00
2608010903,202608010903,2026-01-25,26080109,3,True,3R 11:45 サラ系3歳未勝利 ダート・右 1400m 3歳未勝利 馬齢 1着 4 4 ハンザキ,https://sports.yahoo.co.jp/keiba/race/list/26080109,2026-10-04T00:41:08.795021+00:00
2608010904,202608010904,2026-01-25,26080109,4,True,4R 12:15 サラ系3歳未勝利 ダート・右 1400m 3歳未勝利 馬齢 1着 1 1 ワイドグンサ,https://sports.yahoo.co.jp/keiba/race/list/26080109,2026-10-04T00:41:08.795021+00:00
2608010905,202608010905,2026-01-25,26080109,5,True,5R 12:40 サラ系3歳新馬 芝・右 1600m 3歳新馬 馬齢 1着 7 13 ペイジャー,https://sports.yahoo.co.jp/keiba/race/list/26080109,2026-10-04T00:41:08.795021+00:00
2608010906,202608010906,2026-01-25,26080109,6,True,6R 13:10 サラ系4歳上500万円以下 ダート・右 1200m 4歳以上1勝クラス(500万下) 定量 1着 1 1 ダノンモンテローザ,https://sports.yahoo.co.jp/keiba/race/list/26080109,2026-10-04T00:41:08.795021+00:00
2608010907,202608010907,2026-01-25,26080109,7,True,7R 13:35 サラ系4歳上1000万円以下 芝・右 2000m 4歳以上2勝クラス(1000万下) 定量 1着 5 5 タガノアビー,https://sports.yahoo.co.jp/keiba/race/list/26080109,2026-10-04T00:41:08.795021+00:00
2608010908,202608010908,2026-01-25,26080109,8,True,8R 14:01 サラ系4歳上1000万円以下 ダート・右 1800m 4歳以上2勝クラス(1000万下) 定量 1着 8 9 ショウサンジョージ,https://sports.yahoo.co.jp/keiba/race/list/26080109,2026-10-04T00:41:08.795021+00:00
2608010909,202608010909,2026-01-25,26080109,9,True,9R 14:25 河津桜賞 芝・右 1600m 3歳1勝クラス(500万下) 馬齢 1着 8 9 ソルパッサーレ,https://sports.yahoo.co.jp/keiba/race/list/26080109,2026-10-04T00:41:08.795021+00:00
2608010910,202608010910,2026-01-25,26080109,10,True,10R 14:50 山城ステークス 芝・右・外 1400m 4歳以上3勝クラス(1600万下) ハンデ 1着 8 17 ララマセラシオン,https://sports.yahoo.co.jp/keiba/race/list/26080109,2026-10-04T00:41:08.795021+00:00
2608010911,202608010911,2026-01-25,26080109,11,True,11R 15:30 プロキオンステークス GII ダート・右 1800m 4歳以上オープン 別定 1着 7 13 ロードクロンヌ,https://sports.yahoo.co.jp/keiba/race/list/26080109,2026-10-04T00:41:08.795021+00:00
2608010912,202608010912,2026-01-25,26080109,12,True,12R 16:10 サラ系4歳上500万円以下 芝・右・外 1800m 4歳以上1勝クラス(500万下) 定量 1着 2 2 ホウオウトランプ,https://sports.yahoo.co.jp/keiba/race/list/26080109,2026-10-04T00:41:08.795021+00:00
2610010201,202610010201,2026-01-25,26100102,1,True,1R 9:45 サラ系3歳未勝利 ダート・右 1700m 3歳未勝利 馬齢 1着 2 4 ドウカキミニトドケ,https://sports.yahoo.co.jp/keiba/race/list/26100102,2026-10-04T00:41:13.986778+00:00
2610010202,202610010202,2026-01-25,26100102,2,True,2R 10:15 サラ系3歳未勝利 芝・右 1200m 3歳未勝利 馬齢 1着 2 4 ミトノリン,https://sports.yahoo.co.jp/keiba/race/list/26100102,2026-10-04T00:41:13.986778+00:00
2610010203,202610010203,2026-01-25,26100102,3,True,3R 10:45 サラ系4歳上500万円以下 ダート・右 1000m 4歳以上1勝クラス(500万下) 定量 1着 3 3 ララアヴリル,https://sports.yahoo.co.jp/keiba/race/list/26100102,2026-10-04T00:41:13.986778+00:00
2610010204,202610010204,2026-01-25,26100102,4,False,4R 11:15 サラ系障害4歳上未勝利 障害・芝 2860m 障害4歳以上未勝利 定量 1着 6 8 トモジャシック,https://sports.yahoo.co.jp/keiba/race/list/26100102,2026-10-04T00:41:13.986778+00:00
2610010205,202610010205,2026-01-25,26100102,5,True,5R 12:05 サラ系3歳新馬 芝・右 1200m 3歳新馬 馬齢 1着 1 1 エンプレスケー,https://sports.yahoo.co.jp/keiba/race/list/26100102,2026-10-04T00:41:13.986778+00:00
2610010206,202610010206,2026-01-25,26100102,6,True,6R 12:35 サラ系3歳未勝利 ダート・右 1700m 3歳未勝利 馬齢 1着 7 8 ブラックレジェンド,https://sports.yahoo.co.jp/keiba/race/list/26100102,2026-10-04T00:41:13.986778+00:00
2610010207,202610010207,2026-01-25,26100102,7,True,7R 13:05 サラ系3歳未勝利 芝・右 2000m 3歳未勝利 馬齢 1着 4 8 ドッグウッド,https://sports.yahoo.co.jp/keiba/race/list/26100102,2026-10-04T00:41:13.986778+00:00
2610010208,202610010208,2026-01-25,26100102,8,True,8R 13:35 サラ系4歳上500万円以下 芝・右 1800m 4歳以上1勝クラス(500万下) 定量 1着 2 3 ウインシャーガス,https://sports.yahoo.co.jp/keiba/race/list/26100102,2026-10-04T00:41:13.986778+00:00
2610010209,202610010209,2026-01-25,26100102,9,True,9R 14:05 八幡特別 芝・右 1200m 4歳以上1勝クラス(500万下) 定量 1着 7 13 カウンターセブン,https://sports.yahoo.co.jp/keiba/race/list/26100102,2026-10-04T00:41:13.986778+00:00
2610010210,202610010210,2026-01-25,26100102,10,True,10R 14:40 響灘特別 ダート・右 1700m 4歳以上2勝クラス(1000万下) 定量 1着 1 1 アイウィル,https://sports.yahoo.co.jp/keiba/race/list/26100102,2026-10-04T00:41:13.986778+00:00
2610010211,202610010211,2026-01-25,26100102,11,True,11R 15:15 壇之浦ステークス 芝・右 1800m 4歳以上3勝クラス(1600万下) 定量 1着 5 5 エラトー,https://sports.yahoo.co.jp/keiba/race/list/26100102,2026-10-04T00:41:13.986778+00:00
2610010212,202610010212,2026-01-25,26100102,12,True,12R 16:01 サラ系4歳上500万円以下 芝・右 2000m 4歳以上1勝クラス(500万下) 定量 1着 5 8 ヤコブセン,https://sports.yahoo.co.jp/keiba/race/list/26100102,2026-10-04T00:41:13.986778+00:00
2605010101,202605010101,2026-01-31,26050101,1,True,1R 10:05 サラ系3歳未勝利 ダート・左 1400m 3歳未勝利 馬齢 1着 1 2 マカイゾウ,https://sports.yahoo.co.jp/keiba/race/list/26050101,2026-10-04T00:40:38.619775+00:00
2605010102,202605010102,2026-01-31,26050101,2,True,2R 10:35 サラ系4歳上500万円以下 ダート・左 2100m 4歳以上1勝クラス(500万下) 定量 1着 8 16 ダブルメッセージ,https://sports.yahoo.co.jp/keiba/race/list/26050101,2026-10-04T00:40:38.619775+00:00
2605010103,202605010103,2026-01-31,26050101,3,True,3R 11:05 サラ系3歳未勝利 ダート・左 1600m 3歳未勝利 馬齢 1着 2 2 タイキブリッツェン,https://sports.yahoo.co.jp/keiba/race/list/26050101,2026-10-04T00:40:38.619775+00:00
2605010104,202605010104,2026-01-31,26050101,4,True,4R 11:35 サラ系3歳新馬 ダート・左 1400m 3歳新馬 馬齢 1着 6 11 ユキノグラス,https://sports.yahoo.co.jp/keiba/race/list/26050101,2026-10-04T00:40:38.619775+00:00
2605010105,202605010105,2026-01-31,26050101,5,True,5R 12:25 サラ系3歳新馬 芝・左 1800m 3歳新馬 馬齢 1着 2 3 リッツパーティー,https://sports.yahoo.co.jp/keiba/race/list/26050101,2026-10-04T00:40:38.619775+00:00
2605010106,202605010106,2026-01-31,26050101,6,True,6R 13:00 サラ系3歳未勝利 芝・左 1600m 3歳未勝利 馬齢 1着 5 9 リアライズリバティ,https://sports.yahoo.co.jp/keiba/race/list/26050101,2026-10-04T00:40:38.619775+00:00
2605010107,202605010107,2026-01-31,26050101,7,True,7R 13:30 サラ系3歳500万円以下 ダート・左 1600m 3歳1勝クラス(500万下) 馬齢 1着 5 10 リベッチオ,https://sports.yahoo.co.jp/keiba/race/list/26050101,2026-10-04T00:40:38.619775+00:00
2605010108,202605010108,2026-01-31,26050101,8,True,8R 14:01 サラ系4歳上1000万円以下 ダート・左 1400m 4歳以上2勝クラス(1000万下) 定量 1着 5 10 ペイシャケイプ,https://sports.yahoo.co.jp/keiba/race/list/26050101,2026-10-04T00:40:38.619775+00:00
2605010109,202605010109,2026-01-31,26050101,9,True,9R 14:31 白嶺ステークス ダート・左 1600m 4歳以上3勝クラス(1600万下) ハンデ 1着 1 1 ヴィヴァン,https://sports.yahoo.co.jp/keiba/race/list/26050101,2026-10-04T00:40:38.619775+00:00
2605010110,202605010110,2026-01-31,26050101,10,True,10R 15:05 クロッカスステークス L 芝・左 1400m 3歳オープン 別定 1着 2 2 オルネーロ,https://sports.yahoo.co.jp/keiba/race/list/26050101,2026-10-04T00:40:38.619775+00:00
2605010111,202605010111,2026-01-31,26050101,11,True,11R 15:45 白富士ステークス L 芝・左 2000m 4歳以上オープン 別定 1着 4 4 ダノンシーマ,https://sports.yahoo.co.jp/keiba/race/list/26050101,2026-10-04T00:40:38.619775+00:00
2605010112,202605010112,2026-01-31,26050101,12,True,12R 16:25 サラ系4歳上500万円以下 芝・左 1800m 4歳以上1勝クラス(500万下) 定量 1着 7 10 アールヴィヴァン,https://sports.yahoo.co.jp/keiba/race/list/26050101,2026-10-04T00:40:38.619775+00:00
2608020101,202608020101,2026-01-31,26080201,1,True,1R 9:55 サラ系3歳未勝利 ダート・右 1200m 3歳未勝利 馬齢 1着 1 2 ソウルオンファイア,https://sports.yahoo.co.jp/keiba/race/list/26080201,2026-10-04T00:41:10.394103+00:00
2608020102,202608020102,2026-01-31,26080201,2,True,2R 10:25 サラ系3歳未勝利 ダート・右 1800m 3歳未勝利 馬齢 1着 8 9 メイショウソウテン,https://sports.yahoo.co.jp/keiba/race/list/26080201,2026-10-04T00:41:10.394103+00:00
2608020103,202608020103,2026-01-31,26080201,3,True,3R 10:55 サラ系3歳未勝利 ダート・右 1400m 3歳未勝利 馬齢 1着 4 5 ゴディアンフィンチ,https://sports.yahoo.co.jp/keiba/race/list/26080201,2026-10-04T00:41:10.394103+00:00
2608020104,202608020104,2026-01-31,26080201,4,True,4R 11:25 サラ系3歳未勝利 ダート・右 1800m 3歳未勝利 馬齢 1着 7 8 ヴィエントデコラ,https://sports.yahoo.co.jp/keiba/race/list/26080201,2026-10-04T00:41:10.394103+00:00
2608020105,202608020105,2026-01-31,26080201,5,True,5R 12:15 サラ系3歳新馬 芝・右 2000m 3歳新馬 馬齢 1着 2 3 バリオス,https://sports.yahoo.co.jp/keiba/race/list/26080201,2026-10-04T00:41:10.394103+00:00
2608020106,202608020106,2026-01-31,26080201,6,True,6R 12:50 サラ系3歳未勝利 芝・右 1600m 3歳未勝利 馬齢 1着 4 8 ペイシャシス,https://sports.yahoo.co.jp/keiba/race/list/26080201,2026-10-04T00:41:10.394103+00:00
2608020107,202608020107,2026-01-31,26080201,7,True,7R 13:20 サラ系3歳500万円以下 ダート・右 1800m 3歳1勝クラス(500万下) 馬齢 1着 6 6 ソルチェリア,https://sports.yahoo.co.jp/keiba/race/list/26080201,2026-10-04T00:41:10.394103+00:00
2608020108,202608020108,2026-01-31,26080201,8,True,8R 13:50 サラ系4歳上500万円以下 ダート・右 1900m 4歳以上1勝クラス(500万下) 定量 1着 4 4 チムニートップス,https://sports.yahoo.co.jp/keiba/race/list/26080201,2026-10-04T00:41:10.394103+00:00
2608020109,202608020109,2026-01-31,26080201,9,True,9R 14:20 長浜特別 ダート・右 1400m 4歳以上2勝クラス(1000万下) 定量 1着 7 10 ハクサンアイリス,https://sports.yahoo.co.jp/keiba/race/list/26080201,2026-10-04T00:41:10.394103+00:00
2608020110,202608020110,2026-01-31,26080201,10,True,10R 14:55 許波多特別 芝・右・外 2400m 4歳以上2勝クラス(1000万下) ハンデ 1着 1 1 ヴァリージア,https://sports.yahoo.co.jp/keiba/race/list/26080201,2026-10-04T00:41:10.394103+00:00
2608020111,202608020111,2026-01-31,26080201,11,True,11R 15:30 舞鶴ステークス ダート・右 1800m 4歳以上3勝クラス(1600万下) 定量 1着 6 9 プロミストジーン,https://sports.yahoo.co.jp/keiba/race/list/26080201,2026-10-04T00:41:10.394103+00:00
2608020112,202608020112,2026-01-31,26080201,12,True,12R 16:10 サラ系4歳上500万円以下 芝・右・外 1600m 4歳以上1勝クラス(500万下) 定量 1着 8 15 ダイヤモンドハンズ,https://sports.yahoo.co.jp/keiba/race/list/26080201,2026-10-04T00:41:10.394103+00:00
2610010301,202610010301,2026-01-31,26100103,1,True,1R 9:45 サラ系3歳未勝利 ダート・右 1000m 3歳未勝利 馬齢 1着 5 7 ウーマンズパワー,https://sports.yahoo.co.jp/keiba/race/list/26100103,2026-10-04T00:41:15.596164+00:00
2610010302,202610010302,2026-01-31,26100103,2,True,2R 10:15 サラ系3歳未勝利 芝・右 2000m 3歳未勝利 馬齢 1着 6 11 フォーチュンライド,https://sports.yahoo.co.jp/keiba/race/list/26100103,2026-10-04T00:41:15.596164+00:00
2610010303,202610010303,2026-01-31,26100103,3,True,3R 10:45 サラ系4歳上500万円以下 ダート・右 1700m 4歳以上1勝クラス(500万下) 定量 1着 3 6 モレポブラーノ,https://sports.yahoo.co.jp/keiba/race/list/26100103,2026-10-04T00:41:15.596164+00:00
2610010304,202610010304,2026-01-31,26100103,4,False,4R 11:15 サラ系障害4歳上オープン 障害・芝 2860m 障害4歳以上オープン 別定 1着 1 1 ホークフィールド,https://sports.yahoo.co.jp/keiba/race/list/26100103,2026-10-04T00:41:15.596164+00:00
2610010305,202610010305,2026-01-31,26100103,5,False,5R 12:05 サラ系障害4歳上未勝利 障害・芝 2860m 障害4歳以上未勝利 定量 1着 8 10 レッドラマンシュ,https://sports.yahoo.co.jp/keiba/race/list/26100103,2026-10-04T00:41:15.596164+00:00
2610010306,202610010306,2026-01-31,26100103,6,True,6R 12:40 サラ系3歳未勝利 芝・右 1200m 3歳未勝利 馬齢 1着 1 2 カシノリアーナ,https://sports.yahoo.co.jp/keiba/race/list/26100103,2026-10-04T00:41:15.596164+00:00
2610010307,202610010307,2026-01-31,26100103,7,True,7R 13:10 サラ系3歳未勝利 芝・右 1800m 3歳未勝利 馬齢 1着 3 5 アイドクレース,https://sports.yahoo.co.jp/keiba/race/list/26100103,2026-10-04T00:41:15.596164+00:00
2610010308,202610010308,2026-01-31,26100103,8,True,8R 13:40 サラ系4歳上500万円以下 芝・右 1200m 4歳以上1勝クラス(500万下) 定量 1着 3 5 フォティック,https://sports.yahoo.co.jp/keiba/race/list/26100103,2026-10-04T00:41:15.596164+00:00
2610010309,202610010309,2026-01-31,26100103,9,True,9R 14:10 有田特別 ダート・右 1000m 4歳以上2勝クラス(1000万下) 定量 1着 6 9 スノーサイレンス,https://sports.yahoo.co.jp/keiba/race/list/26100103,2026-10-04T00:41:15.596164+00:00
2610010310,202610010310,2026-01-31,26100103,10,True,10R 14:45 平尾台特別 ダート・右 1700m 4歳以上2勝クラス(1000万下) 定量 1着 8 16 ドゥラリス,https://sports.yahoo.co.jp/keiba/race/list/26100103,2026-10-04T00:41:15.596164+00:00
2610010311,202610010311,2026-01-31,26100103,11,True,11R 15:20 巌流島ステークス 芝・右 1200m 4歳以上3勝クラス(1600万下) ハンデ 1着 2 3 デイトナモード,https://sports.yahoo.co.jp/keiba/race/list/26100103,2026-10-04T00:41:15.596164+00:00
2610010312,202610010312,2026-01-31,26100103,12,True,12R 16:01 サラ系4歳上500万円以下 芝・右 2000m 4歳以上1勝クラス(500万下) 定量 1着 8 15 エンジェルマーク,https://sports.yahoo.co.jp/keiba/race/list/26100103,2026-10-04T00:41:15.596164+00:00
