bin,rows,mean_predicted,observed_top3_rate,min_predicted,max_predicted,calibration_gap,candidate
0,2893,0.031222132946848433,0.024541997926028344,0.0035724451299756765,0.05003223940730095,-0.006680135020820089,G0
1,2893,0.06588026503666931,0.055305910819218804,0.05004845932126045,0.08181881904602051,-0.01057435421745051,G0
2,2892,0.09830284438883038,0.09439834024896265,0.08181975036859512,0.11509708315134048,-0.0039045041398677316,G0
3,2893,0.1328723862061565,0.12478396128586243,0.11513789743185043,0.15071141719818115,-0.00808842492029406,G0
4,2892,0.16921040479140162,0.16632088520055324,0.15072576701641083,0.1886368840932846,-0.0028895195908483773,G0
5,2893,0.21176124237686386,0.2115451088835119,0.18865498900413513,0.23664641380310059,-0.00021613349335194987,G0
6,2892,0.2631645849796416,0.26625172890733056,0.2366466224193573,0.2925323247909546,0.00308714392768894,G0
7,2893,0.32646108651260086,0.3207742827514691,0.2925455570220947,0.36478564143180847,-0.005686803761131787,G0
8,2892,0.41108298740693644,0.3924619640387275,0.3647884428501129,0.4657811224460602,-0.018621023368208922,G0
9,2893,0.5624114872261269,0.5734531628067749,0.46579983830451965,0.8888726830482483,0.011041675580648058,G0
0,2893,0.031009287118600765,0.02523332181126858,0.0030218542087823153,0.04974980652332306,-0.005775965307332185,G3
1,2893,0.06555760845366829,0.053231939163498096,0.04975026845932007,0.08144909143447876,-0.01232566929017019,G3
2,2892,0.09791466422935492,0.09370677731673582,0.08145023882389069,0.11477030813694,-0.004207886912619099,G3
3,2893,0.1327550281450858,0.1303145523677843,0.1147785633802414,0.15072762966156006,-0.0024404757773014985,G3
4,2892,0.16965514267401907,0.16009681881051174,0.1507713943719864,0.18952487409114838,-0.009558323863507329,G3
5,2893,0.2129361994211706,0.20947113722779123,0.18962277472019196,0.23715715110301971,-0.003465062193379359,G3
6,2892,0.26373889618250507,0.26590594744121715,0.23716554045677185,0.2924644947052002,0.0021670512587120827,G3
7,2893,0.3264078657354321,0.32457656412029035,0.2924746870994568,0.36373451352119446,-0.0018313016151417782,G3
8,2892,0.4104592239028191,0.3900414937759336,0.3637870252132416,0.46544861793518066,-0.02041773012688547,G3
9,2893,0.5630867720124139,0.5772554441755963,0.46545422077178955,0.8889142274856567,0.014168672163182405,G3
0,2893,0.029696032524493907,0.024196335983408226,0.0038364375941455364,0.04657918959856033,-0.005499696541085682,R3
1,2893,0.06317460584601357,0.05634289664707916,0.04658624902367592,0.07937555760145187,-0.006831709198934416,R3
2,2892,0.09597684465668178,0.09681881051175657,0.07937616854906082,0.11325297504663467,0.0008419658550747888,R3
3,2893,0.1317143231769396,0.1282405807120636,0.11325457692146301,0.14964310824871063,-0.0034737424648760007,R3
4,2892,0.16893148659258297,0.1628630705394191,0.14964917302131653,0.1901920586824417,-0.006068416053163883,R3
5,2893,0.21330506313621814,0.20981679917041135,0.19019415974617004,0.23765330016613007,-0.003488263965806787,R3
6,2892,0.26524478882901564,0.2641770401106501,0.2376561462879181,0.29392316937446594,-0.0010677487183655687,R3
7,2893,0.32842817061960267,0.32042862080884893,0.293935090303421,0.3656449615955353,-0.007999549810753737,R3
8,2892,0.41298466103658965,0.3997233748271093,0.3656839430332184,0.4699624478816986,-0.01326128620948036,R3
9,2893,0.5696988322312058,0.5672312478396129,0.4700034260749817,0.8851179480552673,-0.002467584391592892,R3
0,2893,0.16666666666666666,0.18181818181818182,0.16666666666666666,0.16666666666666666,0.015151515151515166,baseline
1,2893,0.1695234609571447,0.17490494296577946,0.16666666666666666,0.17647058823529413,0.005381482008634753,baseline
2,2892,0.18451000732243106,0.19674965421853388,0.17647058823529413,0.1875,0.012239646896102824,baseline
3,2893,0.1875,0.20048392671966817,0.1875,0.1875,0.012983926719668165,baseline
4,2892,0.19112206085753805,0.19674965421853388,0.1875,0.2,0.005627593360995831,baseline
5,2893,0.20589106710779714,0.20843415139993088,0.2,0.21428571428571427,0.002543084292133735,baseline
6,2892,0.22052118006474855,0.21957123098201936,0.21428571428571427,0.23076923076923078,-0.0009499490827291901,baseline
7,2893,0.2412919779839932,0.24196335983408226,0.23076923076923078,0.25,0.0006713818500890534,baseline
8,2892,0.27725858166729533,0.2793914246196404,0.25,0.3,0.00213284295234506,baseline
9,2893,0.3333074086876368,0.32976149325959214,0.3,0.375,-0.003545915428044666,baseline
0,2893,0.031335907818516466,0.02523332181126858,0.0035724451299756765,0.04941888526082039,-0.0061025860072478864,routed
1,2893,0.0652131647749772,0.05737988247493951,0.0494251996278762,0.08112554252147675,-0.007833282300037686,routed
2,2892,0.09755688233566398,0.09024896265560166,0.0811317041516304,0.1144747361540794,-0.007307919680062322,routed
3,2893,0.13242699747735803,0.12512962322848253,0.11449798941612244,0.150073230266571,-0.007297374248875499,routed
4,2892,0.16911871079999546,0.16977869986168742,0.15008021891117096,0.18952827155590057,0.0006599890616919568,routed
5,2893,0.2131191666743107,0.20601451780159005,0.1895430088043213,0.2387271672487259,-0.007104648872720637,routed
6,2892,0.265307024239793,0.27420470262793917,0.23876863718032837,0.29464417695999146,0.008897678388146146,routed
7,2893,0.32870755007511765,0.31455236778430695,0.2946864068508148,0.3659182786941528,-0.014155182290810697,routed
8,2892,0.4125459239319647,0.3924619640387275,0.365923672914505,0.46728891134262085,-0.02008395989323719,routed
9,2893,0.564233772335603,0.5748358105772554,0.4673152565956116,0.8851179480552673,0.0106020382416524,routed
