scope,year,name,rows,mean_abs_shap_logodds,mean_shap_logodds,nonzero_share,share_of_total_abs
ALL_ROUTED,2023,relative_ability,14693,0.6801273333258023,-0.20329997327952715,1.0,0.46712876259519537
ALL_ROUTED,2023,race_context,14693,0.22572888895064244,-0.006054226847797108,1.0,0.15503634600580105
ALL_ROUTED,2023,recent_form,14693,0.17000452732822025,-0.013717006047716591,1.0,0.11676343619080928
ALL_ROUTED,2023,entry_condition,14693,0.14609537881184964,-0.011238704569740344,1.0,0.10034202447288497
ALL_ROUTED,2023,history,14693,0.1182265004170373,-0.0024534809186373403,1.0,0.08120096949451011
ALL_ROUTED,2023,distance_regime,5159,0.058516497549052734,-0.006646462775163183,1.0,0.04019061983265358
ALL_ROUTED,2023,distance_near,1965,0.03974604883829073,-0.00793147661687872,1.0,0.02729859792737517
ALL_ROUTED,2023,distance_course_distance,1965,0.017528825496305928,0.0009838634792140048,1.0,0.012039243480770513
ALL_ROUTED,2024,relative_ability,14233,0.6637541440926625,-0.20059132509908423,1.0,0.4598331688662838
ALL_ROUTED,2024,race_context,14233,0.2303804745276471,-0.013811709659468754,1.0,0.15960214273581544
ALL_ROUTED,2024,recent_form,14233,0.16904572011105598,-0.0130137272552912,1.0,0.1171108758472745
ALL_ROUTED,2024,entry_condition,14233,0.14364913832962353,-0.0007253848850639255,1.0,0.09951672478567677
ALL_ROUTED,2024,history,14233,0.11921149429580406,0.0005733484483945518,1.0,0.08258690311042606
ALL_ROUTED,2024,distance_regime,5076,0.05522936211783884,-0.006356910043981343,1.0,0.03826159553674125
ALL_ROUTED,2024,distance_near,1957,0.04451143012350369,-0.01113136728394741,1.0,0.030836465800812354
ALL_ROUTED,2024,distance_course_distance,1957,0.017685539400351263,-0.000192380479095887,1.0,0.012252123316969793
ALL_ROUTED,ALL,relative_ability,28926,0.6720709272428569,-0.20196718652877543,1.0,0.4635478920981962
ALL_ROUTED,ALL,race_context,28926,0.2280176954747905,-0.009871285993842967,1.0,0.15727078469536782
ALL_ROUTED,ALL,recent_form,28926,0.16953274750654082,-0.013370958649092842,1.0,0.1169319257279448
ALL_ROUTED,ALL,entry_condition,28926,0.1448917094215598,-0.006065639539248763,1.0,0.0999362474440115
ALL_ROUTED,ALL,history,28926,0.11871116535088531,-0.0009641335363181492,1.0,0.08187872475405933
ALL_ROUTED,ALL,distance_regime,10235,0.0568862582282084,-0.006502860463147646,1.0,0.0392361937142847
ALL_ROUTED,ALL,distance_near,3922,0.04212387932660326,-0.009528158420920899,1.0,0.029054129076751048
ALL_ROUTED,ALL,distance_course_distance,3922,0.017607022617727838,0.0003969411369364784,1.0,0.012144102489384613
long_2001_2600,2023,relative_ability,1965,0.7380340115781121,-0.18961500530746564,1.0,0.45387301786682493
long_2001_2600,2023,race_context,1965,0.2778138799456461,-0.05599035927600207,1.0,0.17084879845388648
long_2001_2600,2023,recent_form,1965,0.17368358508464538,-0.0013409244524890855,1.0,0.10681119254617741
long_2001_2600,2023,entry_condition,1965,0.15559793627282822,-0.038030493482537085,1.0,0.09568895715116238
long_2001_2600,2023,history,1965,0.14670699267298545,-0.01740145857600894,1.0,0.09022124246587883
long_2001_2600,2023,distance_regime,1965,0.07696910498805377,-0.008583040768184353,1.0,0.04733413286568987
long_2001_2600,2023,distance_near,1965,0.03974604883829073,-0.00793147661687872,1.0,0.024442856089983787
long_2001_2600,2023,distance_course_distance,1965,0.017528825496305928,0.0009838634792140048,1.0,0.010779802560396342
long_2001_2600,2024,relative_ability,1957,0.7419145286766009,-0.21556567669958607,1.0,0.45858098107206396
long_2001_2600,2024,race_context,1957,0.30386488150764146,-0.04123367063972516,1.0,0.1878203621698607
long_2001_2600,2024,recent_form,1957,0.17837697074288195,-0.011315079409220195,1.0,0.11025567377666254
long_2001_2600,2024,entry_condition,1957,0.13798191710821547,-0.015220958309601856,1.0,0.08528729452240111
long_2001_2600,2024,history,1957,0.1322482762672584,-0.007335976925025983,1.0,0.08174330321298294
long_2001_2600,2024,distance_regime,1957,0.0612649045373753,-0.00018897830056788958,1.0,0.03786813567076327
long_2001_2600,2024,distance_near,1957,0.04451143012350369,-0.01113136728394741,1.0,0.0275127315964108
long_2001_2600,2024,distance_course_distance,1957,0.017685539400351263,-0.000192380479095887,1.0,0.010931517978854633
long_2001_2600,ALL,relative_ability,3922,0.7399703124352621,-0.20256387423005096,1.0,0.4562162243636545
long_2001_2600,ALL,race_context,3922,0.29081281162765144,-0.04862706512475426,1.0,0.17929573752859584
long_2001_2600,ALL,recent_form,3922,0.1760254911869322,-0.0063178294117758734,1.0,0.10852554978424983
long_2001_2600,ALL,entry_condition,3922,0.1468078930537698,-0.0266489890629975,1.0,0.0905119321008349
long_2001_2600,ALL,history,3922,0.13949238073876621,-0.012378983412578638,1.0,0.08600167628171548
long_2001_2600,ALL,distance_regime,3922,0.06913302128535674,-0.004394570536382869,1.0,0.0426227990767088
long_2001_2600,ALL,distance_near,3922,0.04212387932660326,-0.009528158420920899,1.0,0.02597076782538412
long_2001_2600,ALL,distance_course_distance,3922,0.017607022617727838,0.0003969411369364784,1.0,0.010855313038856559
middle_1401_2000,2023,relative_ability,7913,0.693884042870077,-0.22258588692613837,1.0,0.5103056236291089
middle_1401_2000,2023,race_context,7913,0.2352754713677869,0.021938741372589003,1.0,0.17302948147411365
middle_1401_2000,2023,recent_form,7913,0.1696669825576467,-0.006293114784846178,1.0,0.12477879587088399
middle_1401_2000,2023,entry_condition,7913,0.14228453884587858,-0.012723545963061586,1.0,0.10464082734659673
middle_1401_2000,2023,history,7913,0.11863106936506712,0.005151410864610041,1.0,0.08724527167929676
middle_1401_2000,2024,relative_ability,7613,0.6780191432051362,-0.2120098686784095,1.0,0.5049259043244547
middle_1401_2000,2024,race_context,7613,0.24177679423681206,0.006932279853806527,1.0,0.18005297888433594
middle_1401_2000,2024,recent_form,7613,0.1637802054832526,-0.005043522343576804,1.0,0.12196833849432509
middle_1401_2000,2024,entry_condition,7613,0.14144207379877374,-0.0010509835650152504,1.0,0.10533296550413841
middle_1401_2000,2024,history,7613,0.11779097052155722,0.008647753791804004,1.0,0.08771981279274582
middle_1401_2000,ALL,relative_ability,15526,0.6861048672196072,-0.21740005497199952,1.0,0.507684583659507
middle_1401_2000,ALL,race_context,15526,0.2384633221343648,0.01458049124103606,1.0,0.1764513825801179
middle_1401_2000,ALL,recent_form,15526,0.16678046743028857,-0.005680391143510113,1.0,0.12340951976191476
middle_1401_2000,ALL,entry_condition,15526,0.14187144555696907,-0.007000035880855818,1.0,0.10497804229642395
middle_1401_2000,ALL,history,15526,0.11821913631755708,0.006865803412898566,1.0,0.08747647170203648
sprint_other_1000_1400,2023,relative_ability,1621,0.6857696955847828,-0.19028330734021154,1.0,0.5097140875822562
sprint_other_1000_1400,2023,race_context,1621,0.2545988967871334,-0.11920345152167701,1.0,0.18923648159261464
sprint_other_1000_1400,2023,recent_form,1621,0.15140829606375247,-0.03603966342213584,1.0,0.11253769593115308
sprint_other_1000_1400,2023,entry_condition,1621,0.13370394786726822,-0.007075151042759278,1.0,0.09937853222749266
sprint_other_1000_1400,2023,history,1621,0.11991987419658462,-0.00230620295382405,1.0,0.0891332026664834
sprint_other_1000_1400,2024,relative_ability,1544,0.689163192945355,-0.20280635507924435,1.0,0.5159519188162047
sprint_other_1000_1400,2024,race_context,1544,0.2422634850369197,-0.12783274923525495,1.0,0.18137403628549675
sprint_other_1000_1400,2024,recent_form,1544,0.1483216611784487,-0.014988226680387939,1.0,0.11104314111722378
sprint_other_1000_1400,2024,entry_condition,1544,0.13699288062736856,-0.01015646648783534,1.0,0.10256168690868342
sprint_other_1000_1400,2024,history,1544,0.11897082587415635,0.0038776788757027866,1.0,0.0890692168723914
sprint_other_1000_1400,ALL,relative_ability,3165,0.6874251647553116,-0.19639249713770496,1.0,0.5127458612873822
sprint_other_1000_1400,ALL,race_context,3165,0.24858124252415392,-0.12341313103819024,1.0,0.1854150965557158
sprint_other_1000_1400,ALL,recent_form,3165,0.1499025253645711,-0.025770020980031966,1.0,0.11181129731346044
sprint_other_1000_1400,ALL,entry_condition,3165,0.13530840669241667,-0.008578326729077584,1.0,0.10092564119851782
sprint_other_1000_1400,ALL,history,3165,0.11945689454103035,0.0007105153857618695,1.0,0.08910210364492381
turf_1200,2023,relative_ability,3194,0.6075569718319257,-0.1705452903950865,1.0,0.48880599137555936
turf_1200,2023,recent_form,3194,0.1780152142906108,-0.02839428353481178,1.0,0.14322097734947303
turf_1200,2023,entry_condition,3194,0.1559792738654103,0.006809603160929752,1.0,0.12549210548260117
turf_1200,2023,race_context,3194,0.15538217740555849,0.012740712378836202,1.0,0.125011715427781
turf_1200,2023,history,3194,0.0988431315174305,-0.012172789047962224,1.0,0.07952359553435968
turf_1200,2023,distance_regime,3194,0.047164157656242135,-0.005455048950402194,1.0,0.03794561483022583
turf_1200,2024,relative_ability,3119,0.5673159003278065,-0.16222832906158738,1.0,0.462684556731679
turf_1200,2024,recent_form,3119,0.1863022293662433,-0.032556143643650705,1.0,0.1519420914566933
turf_1200,2024,entry_condition,3119,0.1558871620859354,0.013833194767699534,1.0,0.12713654323493176
turf_1200,2024,race_context,3119,0.1505739549277629,0.009205049102573882,1.0,0.12280326278680376
turf_1200,2024,history,3119,0.11461805319873102,-0.01580811493838201,1.0,0.09347878863797032
turf_1200,2024,distance_regime,3119,0.05144239305242272,-0.010226946088181449,1.0,0.041954757151921825
turf_1200,ALL,relative_ability,6313,0.5876754730165689,-0.1664362135062565,1.0,0.47598929250833044
turf_1200,ALL,recent_form,6313,0.18210949593497922,-0.030450491625967902,1.0,0.1475000644219425
turf_1200,ALL,entry_condition,6313,0.15593376513102375,0.010279677962373591,1.0,0.1262989625241405
turf_1200,ALL,race_context,6313,0.15300662760225667,0.010993883017413395,1.0,0.12392811979653673
turf_1200,ALL,history,6313,0.10663688737423017,-0.013968857708221896,1.0,0.08637082693958077
turf_1200,ALL,distance_regime,6313,0.04927786210748358,-0.007812651860703713,1.0,0.039912733809469136
