source_id,source_name,source_url,accessed_at,as_of_time,fields_used,extraction_method,redistribution_status,terms_note,notes
S001,JRA official homepage,https://www.jra.go.jp/,2026-10-03T08:47:27+09:00,2026-10-03T08:47:27+09:00,"meeting date; race name; scheduled start","manual reference","reference-only","no page copy committed","Used to confirm Kyoto 11R Opal Stakes is scheduled for 15:30"
S002,JRA 2026 Listed races,https://www.jra.go.jp/keiba/program/2026/pdf/listed.pdf,2026-10-03T08:47:27+09:00,2026-10-03T08:47:27+09:00,"listed status; course; distance","manual reference","reference-only","no PDF copy committed","Confirms Opal Stakes is Listed and 1200m turf"
S003,JBIS race card,https://www.jbis.or.jp/race/20261003/108/11/,2026-10-03T08:47:27+09:00,2026-10-03T08:47:27+09:00,"runner; sex-age; jockey; handicap; trainer; JBIS speed index; recent-three speed indices","manual extraction and derived summary","derived-only","raw HTML/image not committed","JBIS speed index is a third-party metric and is kept as a labeled feature"
S004,SportsNavi race card,https://sports.yahoo.co.jp/keiba/race/denma/2608040111?detail=1,2026-10-03T08:47:27+09:00,2026-10-03T08:47:27+09:00,"runner cross-check; race condition; recent finishes","manual cross-check","derived-only","raw HTML/image not committed","Page showed sunny / good turf at access"
S005,SportsNavi overall record,https://sports.yahoo.co.jp/keiba/race/achievement/all/2608040111,2026-10-03T08:47:27+09:00,2026-10-03T08:47:27+09:00,"overall starts and top-three counts","manual extraction; rate calculated locally","derived-only","raw table not committed","Only derived place rates stored in features.csv"
S006,SportsNavi course record,https://sports.yahoo.co.jp/keiba/race/achievement/course/2608040111,2026-10-03T08:47:27+09:00,2026-10-03T08:47:27+09:00,"turf and Kyoto-turf record","manual extraction; rate calculated locally","derived-only","raw table not committed","No-start cells retained as missing, not zero"
S007,SportsNavi distance record,https://sports.yahoo.co.jp/keiba/race/achievement/distance/2608040111,2026-10-03T08:47:27+09:00,2026-10-03T08:47:27+09:00,"turf 1200m record","manual extraction; rate calculated locally","derived-only","raw table not committed","No-start cells retained as missing, not zero"
S008,SportsNavi win/place odds,https://sports.yahoo.co.jp/keiba/race/odds/tfw/2608040111,2026-10-03T08:47:27+09:00,2026-10-03T08:35:00+09:00,"win odds; place-odds range","manual snapshot","small factual snapshot","not final odds; raw page not committed","Source page explicitly showed 2026-10-03 08:35 update"
S009,JRA payout formula,https://www.jra.go.jp/faq/pop03/1_17.html,2026-10-03T09:00:00+09:00,2026-10-03T09:00:00+09:00,"payout formula; payout rates","manual reference","reference-only","no page copy committed","Win and place ordinary payout rate shown as 80%; used only for methodology/sanity check"
S010,Harville 1973,https://www.tandfonline.com/doi/abs/10.1080/01621459.1973.10482425,2026-10-03T09:00:00+09:00,1973-01-01T00:00:00+00:00,"ranking probability method from win probabilities","manual literature reference","reference-only","citation only","Methodological source for sequential-order baseline"
S011,JRA-VAN TARGET odds-share note,https://targetfaq.jra-van.jp/faq/detail?category=103&id=258&site=SVKNEGBV,2026-10-03T09:00:00+09:00,2026-10-03T09:00:00+09:00,"limitations of reverse-estimating vote share from place odds","manual reference","reference-only","no page copy committed","Notes larger errors for place odds and dependence on other horses"
