name,race_macro_brier,race_macro_log_loss,runner_micro_brier,runner_micro_log_loss,races,rows,subgroup,value,dates,intercept,slope
A_F0,0.1489585929248138,0.459405336370895,0.14473313445600608,0.4508940306621178,495,6313,all,all,195,-0.008249564894858959,1.0226316824547124
A_F0,0.149100522741905,0.45901400497471245,0.14626280044557524,0.45373085280820946,250,3194,year,2023,98,-0.04937220166722185,0.9853195368820236
A_F0,0.14881376658084325,0.4598046541221016,0.14316668586008305,0.4479889938122887,245,3119,year,2024,97,0.03566362872166824,1.0624384174544517
A_F0,0.1489585929248138,0.459405336370895,0.14473313445600608,0.4508940306621178,495,6313,distance_m,1200.0,195,-0.008249564894858959,1.0226316824547124
A_F0,0.14949010534797147,0.4566173474460402,0.14263725783428982,0.4412785698575461,38,495,racecourse,中京,34,-0.038994525825107665,1.0177781846704819
A_F0,0.15579170828722114,0.4759329871830553,0.15361564195938107,0.473821889649404,63,730,racecourse,中山,53,-0.016489847563203437,1.0072593529275948
A_F0,0.14760994141472644,0.4495721893167765,0.13887527807086886,0.43179698354475926,43,560,racecourse,京都,39,0.2676156885055048,1.2796763868445267
A_F0,0.15116065116513103,0.46689871381780873,0.14948846739465343,0.4628012102535549,62,795,racecourse,函館,24,-0.060567643929943196,1.0187441515840765
A_F0,0.14216273445907857,0.4457904322455501,0.14023340328942277,0.4424593463224842,108,1474,racecourse,小倉,46,-0.22093688817289125,0.8506461082434624
A_F0,0.1278813653252363,0.40291383684097126,0.13048177537210107,0.410934236960004,25,333,racecourse,新潟,24,0.4554365325303565,1.39835010145667
A_F0,0.15039126101143344,0.4579889695495675,0.14118797760152896,0.4381715383632284,43,561,racecourse,札幌,25,0.15921214378735357,1.201584290881184
A_F0,0.15511288284809724,0.476707959620537,0.14825265756768055,0.4628321095692355,86,1045,racecourse,福島,38,0.09263419345565609,1.0439959215354933
A_F0,0.1541730524538607,0.47712803293496936,0.1564280594493937,0.48105595687847724,27,320,racecourse,阪神,23,-0.1922206626341104,0.9092563884568202
A_F0,0.14963531106639813,0.4629398061517533,0.14573957602144,0.45408525639365876,158,2155,race_class,Class1,117,-0.03682847426055871,0.9902486156401905
A_F0,0.1554306214425537,0.47837128092949327,0.15201167956966935,0.47077934083201617,89,1262,race_class,Class2,84,-0.12283765488730097,0.9111893672549674
A_F0,0.15443687165750636,0.47643132080314643,0.15026402212539117,0.465428493629542,43,648,race_class,Class3,42,-0.1664923294596738,0.8530910571244225
A_F0,0.14457357047487857,0.44306212576905213,0.13740287182506059,0.4298120615391921,144,1369,race_class,Maiden,112,0.14360365456458127,1.1813936250581827
A_F0,0.14425277723359617,0.44915762661659475,0.13915487373365074,0.4366397995364202,61,879,race_class,Open,59,0.037766894867054764,1.1159824238507103
A_F0,0.16162919076356308,0.4757487274282972,0.15295483185327421,0.45827063317862493,50,227,age,2.0,41,0.0836991431900403,1.33558133305138
A_F0,0.16416950928038762,0.496365901450998,0.15102801728900714,0.46455838986387044,307,2288,age,3.0,164,0.03106623866587748,1.1103043837282423
A_F0,0.16290625983686377,0.4958526562722377,0.16173091894436564,0.4942796818096442,307,1704,age,4.0,173,-0.08002416849491767,0.8820484002603088
A_F0,0.13589940707620685,0.44040324114410917,0.12998763146600853,0.4212073754696751,302,1256,age,5.0,172,-0.16758638841886725,0.9832667131182017
A_F0,0.11731489965074374,0.38108204609556817,0.1317172491013754,0.41931307744622004,240,585,age,6.0,153,0.35061259917816673,1.0970255100119555
A_F0,0.07318707399693293,0.2582445393965157,0.08332558369745485,0.2885144842413175,106,174,age,7.0,88,0.2749999387659867,1.1853434620613783
A_F0,0.04247465531568607,0.17597587838034182,0.047740983819267675,0.1907736495501205,47,62,age,8.0,44,-0.6581596175474023,0.9384519989452327
A_F0,0.0031420609205191235,0.05215445413437833,0.003233573379261753,0.052702971528010636,13,16,age,9.0,13,,
A_F0,0.008555971794601769,0.09706005573685939,0.008555971794601769,0.09706005573685939,1,1,age,10.0,1,,
A_F0,0.20905702069213244,0.5911609032286503,0.2026538210596083,0.5793125742273846,7,39,field_size,8,7,-0.04274739315782701,0.8192876684409511
A_F0,0.18135105598767892,0.532264406544251,0.18234641014124353,0.5347807243833413,14,113,field_size,9,13,-0.007283900106807184,1.024036527338483
A_F0,0.19105629338750324,0.5585274584804182,0.19067249133081915,0.5582837243655501,26,196,field_size,10,25,0.006037098595557033,0.9962095084551914
A_F0,0.17335597884352635,0.5191768799306272,0.17909165029125165,0.5340380059191385,27,266,field_size,11,26,-0.16626066024183578,0.8496323313928549
A_F0,0.15610940653077832,0.47195434421257176,0.15808651186660852,0.4810121072673178,18,184,field_size,12,17,0.09673238027986793,1.1944601533902828
A_F0,0.16643629127539628,0.4971470670838205,0.1675587670933081,0.5031306491970529,35,391,field_size,13,32,-0.2985279337917512,0.782533203255978
A_F0,0.13863193049665476,0.4380651360211555,0.14308832414577216,0.45016328118215826,35,414,field_size,14,30,0.15438816153582172,1.1490753113744538
A_F0,0.14782227198483128,0.4606155058946538,0.14699150004368736,0.4609790355633958,40,520,field_size,15,37,-0.12810219570004333,0.9175877238633805
A_F0,0.14255699913216419,0.4453001106725213,0.13889396664850295,0.4377997550713306,171,2349,field_size,16,108,0.11830833352796713,1.1177982136929712
A_F0,0.12437195770216138,0.40714023484639483,0.12865836416833093,0.4160141746442192,16,249,field_size,17,15,-0.025941948020164966,0.9865298634047531
A_F0,0.1350629092307208,0.4241842979992932,0.1329183696632621,0.4200419102669885,106,1592,field_size,18,77,-0.06187711846155308,0.9939733672337797
A_near,0.14910246387767326,0.4599610834118072,0.14474591124714975,0.4510759215637046,495,6313,all,all,195,-0.015187187052488874,1.0168763501141023
A_near,0.14941642313371126,0.4600041535677683,0.1463742897313847,0.4542223295848421,250,3194,year,2023,98,-0.060049908224076846,0.9771251765333955
A_near,0.14878209728987934,0.4599171342730714,0.14307837649926694,0.4478538544846685,245,3119,year,2024,97,0.03284271054844325,1.0594680063441781
A_near,0.14910246387767326,0.4599610834118072,0.14474591124714975,0.4510759215637046,495,6313,distance_m,1200.0,195,-0.015187187052488874,1.0168763501141023
A_near,0.14837217385826298,0.45334981492796717,0.14240085911079667,0.43961939489119084,38,495,racecourse,中京,34,-0.0188254885221771,1.0250669187409505
A_near,0.1560371832864933,0.4776102616746101,0.15366747096565403,0.47492774640373137,63,730,racecourse,中山,53,-0.032322734373658166,0.9969088036073448
A_near,0.14584982636463273,0.4461206520979847,0.1377615331229334,0.4295930318947697,43,560,racecourse,京都,39,0.3080271551090222,1.3180497490239846
A_near,0.15200864980612602,0.4692162644997988,0.14993106596988087,0.46415855673364453,62,795,racecourse,函館,24,-0.07712487541893481,1.0014550257416446
A_near,0.14180434693701946,0.4439279068433024,0.13985831278465008,0.44051975675265875,108,1474,racecourse,小倉,46,-0.21000525064727588,0.8624744198084932
A_near,0.1280573270917179,0.40446787509561766,0.13042779354477135,0.4120394828244239,25,333,racecourse,新潟,24,0.41669924591294416,1.3721318016533604
A_near,0.15168949240299523,0.4613264938489479,0.1413431822615134,0.4388463367336044,43,561,racecourse,札幌,25,0.1556318970477394,1.2059048771817191
A_near,0.15514495016638316,0.4773360660045708,0.14817668956163568,0.4633437258288263,86,1045,racecourse,福島,38,0.0952116431480229,1.0371775439848818
A_near,0.1577681151850877,0.4868721729079838,0.1595369640874536,0.4901032168401792,27,320,racecourse,阪神,23,-0.27619810595534117,0.8262967025178475
A_near,0.14977774841846123,0.46334981567656236,0.14585084434422682,0.4544331400014264,158,2155,race_class,Class1,117,-0.04266427847968037,0.9855059492753542
A_near,0.15474158058298312,0.47717494385877596,0.15130733675725588,0.4695261015160795,89,1262,race_class,Class2,84,-0.10598166358213,0.9213517372265706
A_near,0.15403661088303,0.47584602440793844,0.14998915128142282,0.4651513413066779,43,648,race_class,Class3,42,-0.16929440550720326,0.8488218490119479
A_near,0.14496227514966933,0.44430006901282254,0.1378727165804132,0.4310996883611589,144,1369,race_class,Maiden,112,0.12154412866493011,1.1677918946739625
A_near,0.14542119357251168,0.45184108887096514,0.13945596146170994,0.43709146016171413,61,879,race_class,Open,59,0.019844311657264906,1.101099249795039
A_near,0.1628846346875077,0.4798295505078315,0.15439174759377736,0.46270219735024154,50,227,age,2.0,41,0.03678048110447345,1.3054072232865532
A_near,0.16368199651825846,0.4954413633630959,0.1510414394953567,0.4647519189746481,307,2288,age,3.0,164,0.028035032428229727,1.10846689489694
A_near,0.1625069223847892,0.4947927922739233,0.16134853315124575,0.4932494194812518,307,1704,age,4.0,173,-0.06689512084139795,0.8897218642050054
A_near,0.13561278800508525,0.440583838042082,0.1300000439668276,0.42183426956802805,302,1256,age,5.0,172,-0.18080125275501424,0.9717517056504524
A_near,0.11824202254401227,0.3821062563711964,0.13213836665926476,0.4191454134465147,240,585,age,6.0,153,0.2890828462958492,1.0589939456735327
A_near,0.07352519439146472,0.2606656101364676,0.08342115447942872,0.28995355492437097,106,174,age,7.0,88,0.1835262208109964,1.1513143342822623
A_near,0.044099377878329835,0.18527131967364763,0.04935795844323788,0.19944434129651706,47,62,age,8.0,44,-1.5467630154533356,0.5595924524519411
A_near,0.0029498143743817667,0.050830945905964584,0.0030805168307425908,0.051707030336976434,13,16,age,9.0,13,,
A_near,0.007534654171446109,0.09080297684352365,0.007534654171446109,0.09080297684352365,1,1,age,10.0,1,,
A_near,0.20886629788933544,0.5919889078190929,0.20146815092848042,0.5768148815661943,7,39,field_size,8,7,-0.04555738892515252,0.8325454552661018
A_near,0.17955892230264123,0.5280654063184821,0.18075913858505216,0.5310501801495988,14,113,field_size,9,13,-0.0012689126986363596,1.0347449110517568
A_near,0.19350214965527404,0.565128329577042,0.1932386094750971,0.565147684948558,26,196,field_size,10,25,-0.048532324920319246,0.9329234964161137
A_near,0.17325269392238368,0.5187136036302378,0.17884717276499726,0.5331380034702325,27,266,field_size,11,26,-0.150630281952932,0.8613759569889476
A_near,0.15735407434065452,0.4741235683812471,0.1593071157524106,0.4828984545934366,18,184,field_size,12,17,0.06251174438376302,1.1633297888158376
A_near,0.1678138675642109,0.5016868235271714,0.1689062872261481,0.5077621547026747,35,391,field_size,13,32,-0.34668435243023893,0.7351655101365462
A_near,0.13892229692219882,0.4391447022422401,0.1434012638275976,0.4512486096844911,35,414,field_size,14,30,0.13761680781202967,1.123449097003668
A_near,0.14844242788746853,0.46255382706535747,0.14736605965855099,0.4625379961615895,40,520,field_size,15,37,-0.14079550631558294,0.9014110526753305
A_near,0.14231132392221604,0.4453967333155479,0.13859491768796228,0.43770340298911703,171,2349,field_size,16,108,0.11950033940498955,1.118987341665321
A_near,0.12431777020635368,0.404533638646296,0.12858841387419878,0.4133038501606139,16,249,field_size,17,15,0.004648396966772127,1.0025150330169381
A_near,0.134818821418764,0.4230606985653499,0.1326120999935227,0.41881358923486706,106,1592,field_size,18,77,-0.05901415271849733,1.001836374315723
A_regime,0.14910246387767326,0.4599610834118072,0.14474591124714975,0.4510759215637046,495,6313,all,all,195,-0.015187187052488874,1.0168763501141023
A_regime,0.14941642313371126,0.4600041535677683,0.1463742897313847,0.4542223295848421,250,3194,year,2023,98,-0.060049908224076846,0.9771251765333955
A_regime,0.14878209728987934,0.4599171342730714,0.14307837649926694,0.4478538544846685,245,3119,year,2024,97,0.03284271054844325,1.0594680063441781
A_regime,0.14910246387767326,0.4599610834118072,0.14474591124714975,0.4510759215637046,495,6313,distance_m,1200.0,195,-0.015187187052488874,1.0168763501141023
A_regime,0.14837217385826298,0.45334981492796717,0.14240085911079667,0.43961939489119084,38,495,racecourse,中京,34,-0.0188254885221771,1.0250669187409505
A_regime,0.1560371832864933,0.4776102616746101,0.15366747096565403,0.47492774640373137,63,730,racecourse,中山,53,-0.032322734373658166,0.9969088036073448
A_regime,0.14584982636463273,0.4461206520979847,0.1377615331229334,0.4295930318947697,43,560,racecourse,京都,39,0.3080271551090222,1.3180497490239846
A_regime,0.15200864980612602,0.4692162644997988,0.14993106596988087,0.46415855673364453,62,795,racecourse,函館,24,-0.07712487541893481,1.0014550257416446
A_regime,0.14180434693701946,0.4439279068433024,0.13985831278465008,0.44051975675265875,108,1474,racecourse,小倉,46,-0.21000525064727588,0.8624744198084932
A_regime,0.1280573270917179,0.40446787509561766,0.13042779354477135,0.4120394828244239,25,333,racecourse,新潟,24,0.41669924591294416,1.3721318016533604
A_regime,0.15168949240299523,0.4613264938489479,0.1413431822615134,0.4388463367336044,43,561,racecourse,札幌,25,0.1556318970477394,1.2059048771817191
A_regime,0.15514495016638316,0.4773360660045708,0.14817668956163568,0.4633437258288263,86,1045,racecourse,福島,38,0.0952116431480229,1.0371775439848818
A_regime,0.1577681151850877,0.4868721729079838,0.1595369640874536,0.4901032168401792,27,320,racecourse,阪神,23,-0.27619810595534117,0.8262967025178475
A_regime,0.14977774841846123,0.46334981567656236,0.14585084434422682,0.4544331400014264,158,2155,race_class,Class1,117,-0.04266427847968037,0.9855059492753542
A_regime,0.15474158058298312,0.47717494385877596,0.15130733675725588,0.4695261015160795,89,1262,race_class,Class2,84,-0.10598166358213,0.9213517372265706
A_regime,0.15403661088303,0.47584602440793844,0.14998915128142282,0.4651513413066779,43,648,race_class,Class3,42,-0.16929440550720326,0.8488218490119479
A_regime,0.14496227514966933,0.44430006901282254,0.1378727165804132,0.4310996883611589,144,1369,race_class,Maiden,112,0.12154412866493011,1.1677918946739625
A_regime,0.14542119357251168,0.45184108887096514,0.13945596146170994,0.43709146016171413,61,879,race_class,Open,59,0.019844311657264906,1.101099249795039
A_regime,0.1628846346875077,0.4798295505078315,0.15439174759377736,0.46270219735024154,50,227,age,2.0,41,0.03678048110447345,1.3054072232865532
A_regime,0.16368199651825846,0.4954413633630959,0.1510414394953567,0.4647519189746481,307,2288,age,3.0,164,0.028035032428229727,1.10846689489694
A_regime,0.1625069223847892,0.4947927922739233,0.16134853315124575,0.4932494194812518,307,1704,age,4.0,173,-0.06689512084139795,0.8897218642050054
A_regime,0.13561278800508525,0.440583838042082,0.1300000439668276,0.42183426956802805,302,1256,age,5.0,172,-0.18080125275501424,0.9717517056504524
A_regime,0.11824202254401227,0.3821062563711964,0.13213836665926476,0.4191454134465147,240,585,age,6.0,153,0.2890828462958492,1.0589939456735327
A_regime,0.07352519439146472,0.2606656101364676,0.08342115447942872,0.28995355492437097,106,174,age,7.0,88,0.1835262208109964,1.1513143342822623
A_regime,0.044099377878329835,0.18527131967364763,0.04935795844323788,0.19944434129651706,47,62,age,8.0,44,-1.5467630154533356,0.5595924524519411
A_regime,0.0029498143743817667,0.050830945905964584,0.0030805168307425908,0.051707030336976434,13,16,age,9.0,13,,
A_regime,0.007534654171446109,0.09080297684352365,0.007534654171446109,0.09080297684352365,1,1,age,10.0,1,,
A_regime,0.20886629788933544,0.5919889078190929,0.20146815092848042,0.5768148815661943,7,39,field_size,8,7,-0.04555738892515252,0.8325454552661018
A_regime,0.17955892230264123,0.5280654063184821,0.18075913858505216,0.5310501801495988,14,113,field_size,9,13,-0.0012689126986363596,1.0347449110517568
A_regime,0.19350214965527404,0.565128329577042,0.1932386094750971,0.565147684948558,26,196,field_size,10,25,-0.048532324920319246,0.9329234964161137
A_regime,0.17325269392238368,0.5187136036302378,0.17884717276499726,0.5331380034702325,27,266,field_size,11,26,-0.150630281952932,0.8613759569889476
A_regime,0.15735407434065452,0.4741235683812471,0.1593071157524106,0.4828984545934366,18,184,field_size,12,17,0.06251174438376302,1.1633297888158376
A_regime,0.1678138675642109,0.5016868235271714,0.1689062872261481,0.5077621547026747,35,391,field_size,13,32,-0.34668435243023893,0.7351655101365462
A_regime,0.13892229692219882,0.4391447022422401,0.1434012638275976,0.4512486096844911,35,414,field_size,14,30,0.13761680781202967,1.123449097003668
A_regime,0.14844242788746853,0.46255382706535747,0.14736605965855099,0.4625379961615895,40,520,field_size,15,37,-0.14079550631558294,0.9014110526753305
A_regime,0.14231132392221604,0.4453967333155479,0.13859491768796228,0.43770340298911703,171,2349,field_size,16,108,0.11950033940498955,1.118987341665321
A_regime,0.12431777020635368,0.404533638646296,0.12858841387419878,0.4133038501606139,16,249,field_size,17,15,0.004648396966772127,1.0025150330169381
A_regime,0.134818821418764,0.4230606985653499,0.1326120999935227,0.41881358923486706,106,1592,field_size,18,77,-0.05901415271849733,1.001836374315723
A_course_distance,0.14896370685776064,0.4594309077613978,0.14474123443071082,0.45087793560263983,495,6313,all,all,195,-0.011480184036893768,1.0216854562054525
A_course_distance,0.14923281079357037,0.45922047636826874,0.14636743113268125,0.45388490881873117,250,3194,year,2023,98,-0.05354541382293726,0.9833672691813704
A_course_distance,0.14868911100489363,0.45964563367275385,0.14307593392859683,0.447798656201487,245,3119,year,2024,97,0.03332538310201043,1.0624991616555746
A_course_distance,0.14896370685776064,0.4594309077613978,0.14474123443071082,0.45087793560263983,495,6313,distance_m,1200.0,195,-0.011480184036893768,1.0216854562054525
A_course_distance,0.1489909194182796,0.455352703927814,0.14212523022999737,0.44005238367623056,38,495,racecourse,中京,34,-0.013615366102892202,1.0338064550813144
A_course_distance,0.15582806089530934,0.4767203128808424,0.15370738292860847,0.47461182253678025,63,730,racecourse,中山,53,-0.022413121000812896,1.0074018635466695
A_course_distance,0.14614789831211109,0.4465385051910577,0.13864838167290208,0.4312414026311913,43,560,racecourse,京都,39,0.2820785197445329,1.2927593005511617
A_course_distance,0.15157808179754978,0.4680780428748179,0.14971109724477258,0.463492259568908,62,795,racecourse,函館,24,-0.07272134732301583,1.0082499440940704
A_course_distance,0.14220527552928772,0.444951377335891,0.14006557975234651,0.44114997824705365,108,1474,racecourse,小倉,46,-0.21734229463106616,0.8534518357345274
A_course_distance,0.127661596493881,0.4029741545542053,0.1303052146217595,0.4108966992971919,25,333,racecourse,新潟,24,0.4597545404682083,1.4062244926627638
A_course_distance,0.15091913579540772,0.4593267435676991,0.14135460641489697,0.43882038426695974,43,561,racecourse,札幌,25,0.1447925441513808,1.2023646222606799
A_course_distance,0.15510064707392945,0.4768859064049842,0.14829748279657293,0.46318918926839087,86,1045,racecourse,福島,38,0.09174437579451615,1.0430102318697747
A_course_distance,0.15548604682788816,0.4802659984932085,0.1575328552117019,0.4838553377993053,27,320,racecourse,阪神,23,-0.2174883684256393,0.8872679351152559
A_course_distance,0.14993549991474345,0.46395329341328,0.1460162274342317,0.45499330760855644,158,2155,race_class,Class1,117,-0.04685226016579846,0.9818045173960419
A_course_distance,0.1551866488396672,0.47739278081517383,0.1516346230201149,0.4695435793546937,89,1262,race_class,Class2,84,-0.10845462637909999,0.9235541499017623
A_course_distance,0.15433079286913087,0.47566609198396204,0.1501721226313513,0.4647473013305236,43,648,race_class,Class3,42,-0.16077868117759067,0.8592873339458112
A_course_distance,0.14423301122290053,0.4422994330581303,0.13722017243347193,0.4292700154183965,144,1369,race_class,Maiden,112,0.13744251986950926,1.1793141944400576
A_course_distance,0.14475141724362894,0.45050756023544336,0.13942843806869676,0.43741857798343414,61,879,race_class,Open,59,0.027102919492993892,1.11276878202396
A_course_distance,0.15993227990813785,0.4727576617935344,0.1510702307914289,0.4550690893149733,50,227,age,2.0,41,0.11498807200395629,1.3994525904045434
A_course_distance,0.16401972232009643,0.49603936237007096,0.15101821660540335,0.4644092784032382,307,2288,age,3.0,164,0.0312746754886196,1.111400455116793
A_course_distance,0.16335885996946692,0.4967144930913583,0.16189273212093033,0.4945266040923041,307,1704,age,4.0,173,-0.0858410059697766,0.8807381561433333
A_course_distance,0.1361852833014631,0.4416831126078535,0.13015676126824402,0.4217270233439962,302,1256,age,5.0,172,-0.18343494326202733,0.9709840166559177
A_course_distance,0.11781474029024422,0.38171837191006125,0.13192876440055312,0.41909846017142843,240,585,age,6.0,153,0.32400168874987484,1.0770352086224193
A_course_distance,0.07175568216882304,0.2548857866136799,0.08216692948815932,0.28621833337649727,106,174,age,7.0,88,0.3420378260648586,1.2363977472357122
A_course_distance,0.04375990586339106,0.18225186943350122,0.04936924474439843,0.19860516924390817,47,62,age,8.0,44,-1.4418097367300386,0.606304761078439
A_course_distance,0.00268810459289408,0.048819100988893444,0.002854164637227658,0.05008099781648751,13,16,age,9.0,13,,
A_course_distance,0.004750577668808431,0.0714148390300534,0.004750577668808431,0.0714148390300534,1,1,age,10.0,1,,
A_course_distance,0.21333321572837405,0.5994980277101816,0.20641983364192065,0.5856916199982002,7,39,field_size,8,7,-0.07475130259971444,0.7787835850572872
A_course_distance,0.18122083051120258,0.5329204794633806,0.18263943228058319,0.536423804666431,14,113,field_size,9,13,-0.010497768146409056,1.01556620043245
A_course_distance,0.19136835298452196,0.5594908468312165,0.19147684044499225,0.5599848160489719,26,196,field_size,10,25,-0.01086735558352134,0.9867136625249299
A_course_distance,0.17363694004345304,0.5192821781920307,0.17970727826237046,0.5348410072755534,27,266,field_size,11,26,-0.15819912801584574,0.8476920181055843
A_course_distance,0.15571627474955077,0.4702916472246696,0.15788270545056643,0.47971524534920124,18,184,field_size,12,17,0.09367111855222188,1.200654638407388
A_course_distance,0.16757207078973252,0.5010786392679104,0.16905656580562983,0.5080693975305418,35,391,field_size,13,32,-0.3470897814953196,0.7327224237697618
A_course_distance,0.13886385347121005,0.43861093147603963,0.1436107261892049,0.4514893602470275,35,414,field_size,14,30,0.14021087212834132,1.1300015896587134
A_course_distance,0.1476529113953567,0.4606921483814338,0.14684369244386444,0.46110228514981677,40,520,field_size,15,37,-0.1226243934484915,0.9217714436334954
A_course_distance,0.1422796655904355,0.4448932621572577,0.13864953133733124,0.437407018386933,171,2349,field_size,16,108,0.11809428162296552,1.1246298404333066
A_course_distance,0.12348414025994829,0.4027266680670891,0.12785623145661226,0.41180254852617204,16,249,field_size,17,15,0.03518058718913969,1.0295830324216488
A_course_distance,0.13493396592455134,0.42350094837106306,0.1326897866621823,0.4191516135041092,106,1592,field_size,18,77,-0.05883427899134453,0.9966627973333692
B_F0,0.1487741681779218,0.45855707362857967,0.1444061360475448,0.4497088308147789,495,6313,all,all,195,-0.008293390090519341,1.0195973261274283
B_F0,0.1494316755749175,0.45940812728695674,0.14629880288270009,0.4533583846785225,250,3194,year,2023,98,-0.04989553985136128,0.9762446924633452
B_F0,0.14810324226262014,0.45768865152819477,0.1424679578264849,0.44597151916335315,245,3119,year,2024,97,0.03574918492006117,1.0659748523245982
B_F0,0.1487741681779218,0.45855707362857967,0.1444061360475448,0.4497088308147789,495,6313,distance_m,1200.0,195,-0.008293390090519341,1.0195973261274283
B_F0,0.14936044123896722,0.45569453434589,0.14226416777020273,0.439825744859497,38,495,racecourse,中京,34,-0.06150915351231164,1.0100998080534318
B_F0,0.15592002786928688,0.4760443485516858,0.15329321585813394,0.47292228051851704,63,730,racecourse,中山,53,0.020862976125764335,1.030501952141175
B_F0,0.14684500423493546,0.446846379332291,0.1378619460486967,0.42772317460014353,43,560,racecourse,京都,39,0.2812850051265794,1.287306331373131
B_F0,0.15022286370289648,0.4641521910364155,0.1488299607362065,0.4608764135887278,62,795,racecourse,函館,24,-0.04896556933937199,1.0138125883474027
B_F0,0.14252986891815433,0.44593199434522035,0.14049560879278744,0.44241735825117473,108,1474,racecourse,小倉,46,-0.24789067620049507,0.8319902573844925
B_F0,0.1270535982584649,0.40179063324541986,0.12947080741555755,0.40967347478657284,25,333,racecourse,新潟,24,0.46904735145470156,1.4281836923692959
B_F0,0.15174137323330936,0.460444531414641,0.14234469253954615,0.4402498825757898,43,561,racecourse,札幌,25,0.11926521199694576,1.1554289947284757
B_F0,0.1544428011568269,0.4747011752326146,0.1474704444941471,0.46059602111968184,86,1045,racecourse,福島,38,0.10055781583795062,1.0511047482425229
B_F0,0.15332874982970232,0.47621844020173704,0.1550697638496547,0.47904885784176887,27,320,racecourse,阪神,23,-0.16422708958091653,0.9215173586798365
B_F0,0.1491572900044558,0.46202969736945065,0.14537385473567055,0.4535197388293158,158,2155,race_class,Class1,117,-0.028199246472052016,0.9843275355586659
B_F0,0.15456326143201923,0.47486902813170623,0.15118867307486697,0.4674555314534386,89,1262,race_class,Class2,84,-0.09831397688580372,0.9375973481406674
B_F0,0.1549097999084295,0.47749626983987276,0.1505300436257703,0.46612878715012657,43,648,race_class,Class3,42,-0.18331139530537918,0.8391730893465857
B_F0,0.14531523492221693,0.44463096258545043,0.1378664378906568,0.4306322833089003,144,1369,race_class,Maiden,112,0.10611678678533318,1.154404794288465
B_F0,0.14317567106648965,0.4452871728300404,0.13796649914731507,0.43249247001037266,61,879,race_class,Open,59,0.056661883519530984,1.1249025873584215
B_F0,0.16241618998311058,0.4775161684065676,0.1524010424250659,0.4572352031883131,50,227,age,2.0,41,0.18614991224311603,1.3867743283266922
B_F0,0.16445720346835024,0.4965409021661617,0.15110827545433944,0.46433515645575824,307,2288,age,3.0,164,0.015478699279346055,1.0958627999270676
B_F0,0.16231235635422098,0.49375575058019433,0.1613441927542873,0.49278917682252055,307,1704,age,4.0,173,-0.07753968965372227,0.8838590122718848
B_F0,0.1359957974480128,0.4424512554911721,0.12966624375312222,0.4207382938844815,302,1256,age,5.0,172,-0.1872276240332843,0.961769699996131
B_F0,0.11562697386597316,0.37492788121996407,0.1299834492942463,0.4131173738152818,240,585,age,6.0,153,0.4544940323785521,1.1482907054828908
B_F0,0.07146431376837208,0.2524158806109974,0.08197114692566072,0.28401776442937926,106,174,age,7.0,88,0.35980005226592254,1.2667668005414898
B_F0,0.045145573979307164,0.18825299564827427,0.05098650901270379,0.20507015859384162,47,62,age,8.0,44,-1.9133489588622963,0.41896602585275655
B_F0,0.0027554962727595095,0.04848356114480582,0.002855948970741936,0.04941726485019991,13,16,age,9.0,13,,
B_F0,0.0037032463861442905,0.06278465162028082,0.0037032463861442905,0.06278465162028082,1,1,age,10.0,1,,
B_F0,0.2130768902565368,0.599185268378223,0.20771256232925212,0.588358775887359,7,39,field_size,8,7,-0.029344280402061298,0.7945435514272003
B_F0,0.18007628364042455,0.5276705343422188,0.18153733756854196,0.5311742876378889,14,113,field_size,9,13,0.05628796587384955,1.0524929931341287
B_F0,0.19184833421347672,0.5608505614971298,0.18892171485773798,0.555056770859879,26,196,field_size,10,25,0.11428958028523115,1.0771683740012086
B_F0,0.16978535173850878,0.5077908581234517,0.17518365441963088,0.5216589593613737,27,266,field_size,11,26,-0.03539556479254958,0.9634821803388348
B_F0,0.15861581565144267,0.47639403291637605,0.1589015932145684,0.48097447444308417,18,184,field_size,12,17,0.06154281373741739,1.1402602173813545
B_F0,0.16797096123534738,0.5012953437138008,0.16988249196314523,0.509370028113349,35,391,field_size,13,32,-0.3739061317255077,0.6978052438371333
B_F0,0.13806401704987822,0.4367411881231814,0.14326631314016366,0.4510035336429294,35,414,field_size,14,30,0.12026545448981284,1.0861668650084135
B_F0,0.14795433829058124,0.4602105849873386,0.1471601055525858,0.4605744031154746,40,520,field_size,15,37,-0.1356002457990295,0.9085864157643064
B_F0,0.14204434544640063,0.44408000570437656,0.13816433635577707,0.4359646841177319,171,2349,field_size,16,108,0.11938234909836709,1.1253843675334836
B_F0,0.12327863336612782,0.40276154419994276,0.1276830882986254,0.41225733945505805,16,249,field_size,17,15,-0.04657515276490491,0.9885230027126971
B_F0,0.13501719056881886,0.42372583990112783,0.1328865254282695,0.4195229237044101,106,1592,field_size,18,77,-0.11408303350167769,0.9627228727091869
B_near,0.1486179645868697,0.45821547534189155,0.1443230904301275,0.4494793080622158,495,6313,all,all,195,-0.002956667061105117,1.0231787243802166
B_near,0.14911015071483166,0.4586231554178294,0.14602034330107813,0.4526021493209671,250,3194,year,2023,98,-0.03320970951272937,0.9897596473396079
B_near,0.14811573384405144,0.457799475264404,0.1425850251304108,0.44628137443590876,245,3119,year,2024,97,0.028395155695894833,1.0582099254515855
B_near,0.1486179645868697,0.45821547534189155,0.1443230904301275,0.4494793080622158,495,6313,distance_m,1200.0,195,-0.002956667061105117,1.0231787243802166
B_near,0.14814598051087552,0.4524810191162575,0.14202760857844252,0.438496313029461,38,495,racecourse,中京,34,-0.0361083971453232,1.0299744230349424
B_near,0.15558190415975237,0.4754795090073367,0.15313711095724944,0.47270991493737163,63,730,racecourse,中山,53,0.031594964704433695,1.034784400816129
B_near,0.147457772492427,0.44880739331261055,0.13805250749774847,0.42895150117324643,43,560,racecourse,京都,39,0.2414230887735303,1.2581928941579081
B_near,0.15102923699512727,0.46646624563745104,0.14956000522124863,0.46300200412308085,62,795,racecourse,函館,24,-0.06124071592087712,0.9989084217541421
B_near,0.14178271826411684,0.4439949956769998,0.13992710519220794,0.44077360623576445,108,1474,racecourse,小倉,46,-0.2265407264319567,0.849570717856228
B_near,0.12704470684297392,0.4017812713498274,0.12940375946193236,0.4096143537684195,25,333,racecourse,新潟,24,0.45542418877487073,1.4256816017966298
B_near,0.1522863140136135,0.4619135177049897,0.14242394272918285,0.44049258404616026,43,561,racecourse,札幌,25,0.11557786070187039,1.1546086258272987
B_near,0.15370496150348725,0.4728297396905118,0.14691728303906268,0.459119654405405,86,1045,racecourse,福島,38,0.12027843752049625,1.063399019552853
B_near,0.15461477417282735,0.4787376728456257,0.15636220840503717,0.4816602222127876,27,320,racecourse,阪神,23,-0.17754498557032242,0.8996148386320072
B_near,0.1489949395047691,0.46140299032694937,0.14523614443356023,0.4529145258175696,158,2155,race_class,Class1,117,-0.018037156629022576,0.993500064516273
B_near,0.15429994085354154,0.4742639611946258,0.15103562864732675,0.4671191364415944,89,1262,race_class,Class2,84,-0.09304953979194103,0.9391537959986247
B_near,0.1545001250614966,0.47656164532086065,0.15024359359721837,0.465427102664333,43,648,race_class,Class3,42,-0.17604458211574292,0.8457409491483485
B_near,0.1450118949563657,0.4441375830582956,0.13780552581718017,0.4306134638903613,144,1369,race_class,Maiden,112,0.1156386048604184,1.1605076665435108
B_near,0.14371768920361933,0.4468447961813948,0.13823344912790567,0.4333573650491711,61,879,race_class,Open,59,0.035675613432600034,1.1051649442932823
B_near,0.16212383446933024,0.4772790076464187,0.15235398595031557,0.4572972363061145,50,227,age,2.0,41,0.19187834707820445,1.3981110490405713
B_near,0.16434777828659655,0.49624626067361727,0.1510507525946723,0.46421076020119667,307,2288,age,3.0,164,0.02333342146247859,1.1003924316081684
B_near,0.16160900643463164,0.49222363385417295,0.16099993996715972,0.4920254109155735,307,1704,age,4.0,173,-0.06733956136931839,0.8915025216467702
B_near,0.13598412569768906,0.4416275188887956,0.129598150669329,0.4200980661308558,302,1256,age,5.0,172,-0.17580677056835844,0.9690998613377304
B_near,0.11595120974567934,0.37571496485079126,0.13033599241192273,0.4141353569557824,240,585,age,6.0,153,0.400735111034136,1.1161323049968168
B_near,0.07168287386173171,0.2537602855613139,0.08228363893297719,0.2849477161323264,106,174,age,7.0,88,0.254360545283668,1.2197702499280765
B_near,0.04563147135692721,0.1902159402501417,0.051382858979523716,0.20734233315049805,47,62,age,8.0,44,-2.054697102179037,0.36308476916064636
B_near,0.002984899868449903,0.04974520386287861,0.0031732728172586054,0.0512827200721937,13,16,age,9.0,13,,
B_near,0.0035998362261802225,0.061873951807063045,0.0035998362261802225,0.061873951807063045,1,1,age,10.0,1,,
B_near,0.21244818949097555,0.5990676978889564,0.2075610778613932,0.5882434106216498,7,39,field_size,8,7,0.016363571199698106,0.8129479868373414
B_near,0.17770490993028482,0.5224524116071589,0.1791653558914538,0.5259953389921741,14,113,field_size,9,13,0.11637853323982857,1.119448953802022
B_near,0.19113995256203223,0.5585720885552753,0.1884006651536566,0.552907891796536,26,196,field_size,10,25,0.12137994501161416,1.1020873790937613
B_near,0.17083669704196253,0.5119170476395386,0.17620993486794279,0.5255835917258805,27,266,field_size,11,26,-0.06636850604987515,0.9234912117695913
B_near,0.1589432326982859,0.4761692849833663,0.1591023492127532,0.480240448143787,18,184,field_size,12,17,0.0964795243273275,1.175149692473706
B_near,0.1669491242889501,0.49875256509526,0.16893754704585565,0.5070688338736915,35,391,field_size,13,32,-0.3602564046546493,0.7167207413918448
B_near,0.13888904104435015,0.4392385594480468,0.14395496888228262,0.45314421807695454,35,414,field_size,14,30,0.08883672217891478,1.055190950031499
B_near,0.14818199202086393,0.4609858427693549,0.14762716794257744,0.46207503859433463,40,520,field_size,15,37,-0.14420576105468436,0.8995830918223835
B_near,0.14187642150815263,0.4436462585439943,0.13812336574518033,0.43581888718585404,171,2349,field_size,16,108,0.1251523475022701,1.126996294470274
B_near,0.12329136299059085,0.4023409866849093,0.12737503442969467,0.41096578267623396,16,249,field_size,17,15,-0.01928226927813188,1.0118375370579402
B_near,0.13474087996680287,0.4228592628333642,0.13260782806669147,0.41861230813019246,106,1592,field_size,18,77,-0.1030039978592985,0.9720799193601031
B_regime,0.1484257415074484,0.45775514564557496,0.14424436714239888,0.44925528484251637,495,6313,all,all,195,0.002297911152499545,1.024746461746163
B_regime,0.14886687429345058,0.45794716561109505,0.14592053176816588,0.45224037186250804,250,3194,year,2023,98,-0.03467288682136678,0.9894701374794479
B_regime,0.14797560601152782,0.45755920690524826,0.14252789717936595,0.4461984179166254,245,3119,year,2024,97,0.04125265348043082,1.0620740240364392
B_regime,0.1484257415074484,0.45775514564557496,0.14424436714239888,0.44925528484251637,495,6313,distance_m,1200.0,195,0.002297911152499545,1.024746461746163
B_regime,0.14697820270468687,0.4503478579639365,0.14108971134815146,0.4369083015454011,38,495,racecourse,中京,34,-0.009006363023136189,1.0481724772777383
B_regime,0.15510725791322133,0.4744157317069125,0.15259099344489074,0.47136689706626417,63,730,racecourse,中山,53,0.05411702519230752,1.0500386461524458
B_regime,0.14696210957915587,0.44713907177071005,0.13805368527614825,0.4285043592727519,43,560,racecourse,京都,39,0.2708826498889289,1.2728988052231658
B_regime,0.150553337436045,0.4646470145283644,0.14909794107094781,0.46120157009818047,62,795,racecourse,函館,24,-0.041272974049006886,1.0152913997868218
B_regime,0.14215842074427235,0.4450961273987811,0.14018932286294028,0.4415835415516047,108,1474,racecourse,小倉,46,-0.23410553718393382,0.8408589651938053
B_regime,0.12709665789524863,0.40227305930651786,0.12975238398557484,0.410901251503232,25,333,racecourse,新潟,24,0.42770560569462496,1.3992734224325152
B_regime,0.15236363540428183,0.4618930300750029,0.14257149656803475,0.4404275513964076,43,561,racecourse,札幌,25,0.1148171935738476,1.1568039932150849
B_regime,0.1539488988857509,0.4734657212389007,0.14724154444573642,0.4599872526068093,86,1045,racecourse,福島,38,0.1078228644712598,1.050552145688598
B_regime,0.15327288694874405,0.4757641424442028,0.15576344138806247,0.48022714800475763,27,320,racecourse,阪神,23,-0.1751388687646705,0.9077615636664963
B_regime,0.14886866807712784,0.4611806960729795,0.14513857095837296,0.45277919716980985,158,2155,race_class,Class1,117,-0.013856395421432525,0.9948774264140788
B_regime,0.1541596149545364,0.4741085702731749,0.15092757261477163,0.4670315274200724,89,1262,race_class,Class2,84,-0.0897356744622727,0.9380241839072252
B_regime,0.15435566014037203,0.4753834002330841,0.15014219391697547,0.4644502442843795,43,648,race_class,Class3,42,-0.161109247421987,0.8529432000524111
B_regime,0.14464664465099009,0.44325677384190487,0.1376974224643892,0.43023494839385573,144,1369,race_class,Maiden,112,0.11976636819853669,1.1673615723354052
B_regime,0.14365371382407288,0.44682168389277604,0.1383055286722181,0.43351564625513933,61,879,race_class,Open,59,0.041865894774809426,1.1007229085829249
B_regime,0.16097869453738414,0.4748548069260211,0.1515448605203977,0.4555130520883075,50,227,age,2.0,41,0.1974382000781054,1.40325256338284
B_regime,0.16431431236962904,0.4960263034551435,0.15090184699335343,0.46374490270605806,307,2288,age,3.0,164,0.030598529609129285,1.1085644980599036
B_regime,0.16226638886559075,0.4938538440590807,0.1613562364495025,0.49304450282663315,307,1704,age,4.0,173,-0.07075432594570473,0.8834596658034042
B_regime,0.13548554586533157,0.4403340129480146,0.1293124673586645,0.41926653325530777,302,1256,age,5.0,172,-0.16210886935978883,0.9763554717322734
B_regime,0.11535511017025839,0.37405670969978655,0.12999859116400747,0.4131557280772377,240,585,age,6.0,153,0.42223014665976977,1.1268170668729647
B_regime,0.07146126123386004,0.2529546948342763,0.08209100502904265,0.2846125686914096,106,174,age,7.0,88,0.247799593945671,1.2102273731518942
B_regime,0.04558956305166968,0.18990064525188838,0.051534748237349534,0.20730297134639514,47,62,age,8.0,44,-2.1213605114884904,0.3307525247193867
B_regime,0.003110031611432816,0.05058308842882264,0.003240270983354252,0.05147474014983175,13,16,age,9.0,13,,
B_regime,0.003085166159248809,0.05714646668619425,0.003085166159248809,0.05714646668619425,1,1,age,10.0,1,,
B_regime,0.20751069359809854,0.5894818926334988,0.20553748453787293,0.5852222700517821,7,39,field_size,8,7,0.020690894373134656,0.8163728382711504
B_regime,0.17718092152372694,0.5208000450485265,0.17885403576869083,0.5248623739250248,14,113,field_size,9,13,0.11281605922049456,1.106720308567392
B_regime,0.19034044373612463,0.5572518314779776,0.18786547706313,0.5522894000309392,26,196,field_size,10,25,0.11998606375060537,1.0989159592885231
B_regime,0.17071773682417526,0.5106908150641685,0.17619392465127956,0.5247021734331475,27,266,field_size,11,26,-0.06361219466363345,0.9289208996459754
B_regime,0.15709614969965288,0.4722173256317171,0.1579960906771906,0.47828828717754907,18,184,field_size,12,17,0.10205406418478774,1.1839842470381932
B_regime,0.16729298186164643,0.4996925776578336,0.16891592623137489,0.5069376375007174,35,391,field_size,13,32,-0.3533776469554515,0.7166060475619732
B_regime,0.13865321610005696,0.438546139314304,0.14329613246431377,0.4513825345355876,35,414,field_size,14,30,0.11394068333183327,1.0785344043650062
B_regime,0.14784911957836278,0.4599016780489489,0.14727099042755995,0.4608968760634984,40,520,field_size,15,37,-0.12724953569191716,0.9134549066873417
B_regime,0.1421202307450734,0.4440809274642715,0.1383903317472539,0.4362925295855268,171,2349,field_size,16,108,0.1243019145071022,1.1225005405886255
B_regime,0.12323000638203538,0.40262149179118556,0.12749989278459362,0.41161588056221043,16,249,field_size,17,15,-0.01708047885116948,1.001991628268655
B_regime,0.13448445181479357,0.42245195328191193,0.13244329151270118,0.41840206261016455,106,1592,field_size,18,77,-0.09483233671766668,0.9756008273496883
B_regime_course_distance,0.14851605957556988,0.45792642505960657,0.14425977361115286,0.44933298471909405,495,6313,all,all,195,-0.0023089774755258286,1.0218549661316099
B_regime_course_distance,0.14933547721883947,0.45916208070417897,0.14619988485036214,0.45307293364181783,250,3194,year,2023,98,-0.04927743801711973,0.9781424139763623
B_regime_course_distance,0.14767991912325393,0.4566655519529001,0.14227301012989782,0.4455031043538552,245,3119,year,2024,97,0.04781320438038705,1.0688043582695308
B_regime_course_distance,0.14851605957556988,0.45792642505960657,0.14425977361115286,0.44933298471909405,495,6313,distance_m,1200.0,195,-0.0023089774755258286,1.0218549661316099
B_regime_course_distance,0.1479208398553886,0.4523174456677835,0.14148823915886102,0.4379485484605295,38,495,racecourse,中京,34,-0.018950935557268057,1.0342319397560955
B_regime_course_distance,0.15549351613426657,0.4753397156862842,0.15325236948547077,0.4730565867969421,63,730,racecourse,中山,53,0.025135087986903466,1.025771170071147
B_regime_course_distance,0.14667794694554262,0.44646891028794805,0.13768905216513438,0.4277375185608657,43,560,racecourse,京都,39,0.2783488171631911,1.2814370252619753
B_regime_course_distance,0.15043303279773318,0.4648734117409729,0.14907266462910784,0.46167928444666484,62,795,racecourse,函館,24,-0.055463921102037475,1.0107834717961595
B_regime_course_distance,0.1419584505024876,0.44416881774516376,0.14002465968742636,0.44072522878382986,108,1474,racecourse,小倉,46,-0.2266619659372823,0.846553009981594
B_regime_course_distance,0.1270958522033916,0.40204174438926144,0.12951044556481892,0.4101218076279717,25,333,racecourse,新潟,24,0.46089754910883923,1.4263751555806434
B_regime_course_distance,0.15242309897706974,0.4617861786858715,0.14271255687960904,0.4408032909247374,43,561,racecourse,札幌,25,0.11463311932527334,1.148902725944876
B_regime_course_distance,0.1543531637115868,0.4746733361977667,0.14756174171473446,0.46105278432532504,86,1045,racecourse,福島,38,0.09006982856065424,1.0389871000397848
B_regime_course_distance,0.152847852305993,0.4747708217726619,0.1543603557901647,0.47707780048907933,27,320,racecourse,阪神,23,-0.15056457548045346,0.9315659783628841
B_regime_course_distance,0.1487200561503466,0.46099029692330534,0.14503260068945528,0.45266633634718434,158,2155,race_class,Class1,117,-0.01981774970158437,0.9918797130982971
B_regime_course_distance,0.1542603453138258,0.47403670527214425,0.15107159818549368,0.46711887698452154,89,1262,race_class,Class2,84,-0.08558391098401803,0.9403712914539922
B_regime_course_distance,0.15412024055319976,0.4751132783434043,0.14982780681766653,0.4639733847763523,43,648,race_class,Class3,42,-0.16329907682097125,0.8557667493519538
B_regime_course_distance,0.145155600650232,0.444222462100259,0.1379746425265147,0.4308700655012658,144,1369,race_class,Maiden,112,0.10802334482877335,1.1544383649564192
B_regime_course_distance,0.1435890663573905,0.446720347708172,0.13826920929999115,0.4335873514706294,61,879,race_class,Open,59,0.039823004437539625,1.1009892921117674
B_regime_course_distance,0.16145695697345203,0.47518330656972774,0.15135168319522552,0.45471123890072607,50,227,age,2.0,41,0.19714521203702762,1.3974640605686035
B_regime_course_distance,0.16439318868064814,0.49650216116665963,0.1509716519798544,0.46413639988305183,307,2288,age,3.0,164,0.026261808593510648,1.1032764665008543
B_regime_course_distance,0.1621975438688314,0.49360746711957504,0.16137692670191697,0.49311916705285014,307,1704,age,4.0,173,-0.07944220490377261,0.8813534864541501
B_regime_course_distance,0.13557699338841822,0.4406074057421752,0.1292972883700452,0.41922112978177867,302,1256,age,5.0,172,-0.16694080223123275,0.9723583499870697
B_regime_course_distance,0.11504218763636924,0.37272318949163163,0.12995590021698397,0.41264299537544286,240,585,age,6.0,153,0.4356174391083405,1.131666392285422
B_regime_course_distance,0.07098013692417769,0.2510623332754244,0.08195695768685361,0.28440826182015577,106,174,age,7.0,88,0.21902635672190443,1.1964803035733116
B_regime_course_distance,0.04586273332218219,0.19121479931141255,0.05183976806361344,0.2086312034258467,47,62,age,8.0,44,-2.207999769238942,0.29619292303513745
B_regime_course_distance,0.002666555006382199,0.04709830665447535,0.0028874080517392905,0.04881746810547154,13,16,age,9.0,13,,
B_regime_course_distance,0.003325285921469426,0.059394751351732236,0.003325285921469426,0.059394751351732236,1,1,age,10.0,1,,
B_regime_course_distance,0.20628686586490969,0.5836616960160389,0.20251346829631342,0.5748923999425392,7,39,field_size,8,7,0.04742870109591166,0.8697320127835311
B_regime_course_distance,0.17618913129443478,0.5187646269592315,0.17728537197797556,0.5214790409148168,14,113,field_size,9,13,0.1290686652656423,1.141575569400997
B_regime_course_distance,0.1910376670826244,0.5582874089664893,0.18715250131216535,0.5505277068098526,26,196,field_size,10,25,0.14048795865440977,1.100356778638807
B_regime_course_distance,0.17134717456013565,0.5118242168944166,0.17673377300126783,0.5255976788935068,27,266,field_size,11,26,-0.06974528635191465,0.9165431630803502
B_regime_course_distance,0.15726764851867858,0.4721769368895134,0.15806325010713282,0.47783068350094676,18,184,field_size,12,17,0.13093203530414538,1.207911039727222
B_regime_course_distance,0.1679379583894328,0.5009913505325923,0.17000282092669583,0.509547262997009,35,391,field_size,13,32,-0.38035781807926256,0.695599398558564
B_regime_course_distance,0.13798826153348814,0.437622185272947,0.14305391430992165,0.4515956265163402,35,414,field_size,14,30,0.09716478313731686,1.06427600743556
B_regime_course_distance,0.14776816605816046,0.4602558762386543,0.1472495327510227,0.4613592988030456,40,520,field_size,15,37,-0.1394069427858986,0.9014563931463807
B_regime_course_distance,0.1422807055049643,0.44457721261669314,0.13838338317453697,0.436451038220295,171,2349,field_size,16,108,0.10960702555399289,1.1169680363846628
B_regime_course_distance,0.12256776041127508,0.4005612200142573,0.12677693555121636,0.40938874460801655,16,249,field_size,17,15,0.01954696324125102,1.0331017035309182
B_regime_course_distance,0.1346357897411751,0.4226220822759608,0.1326060063118648,0.41859060782153346,106,1592,field_size,18,77,-0.09505971998889481,0.9726989463347017
C_F0,0.14939406576708023,0.4602439904316269,0.14456332300810765,0.45035320341820684,495,6313,all,all,195,-0.03412821437163438,0.9844535625154407
C_F0,0.14965596895995237,0.460097946243903,0.14607457027778356,0.4529889138289177,250,3194,year,2023,98,-0.05795996609893047,0.9566145008563826
C_F0,0.14912681761108826,0.4603930151129779,0.14301573603172263,0.4476541142704639,245,3119,year,2024,97,-0.008804734747203748,1.0144686973849384
C_F0,0.14939406576708023,0.4602439904316269,0.14456332300810765,0.45035320341820684,495,6313,distance_m,1200.0,195,-0.03412821437163438,0.9844535625154407
C_F0,0.15057254141382997,0.4583400489687761,0.1414057389082361,0.4379693360194295,38,495,racecourse,中京,34,-0.05580215551719749,0.993523834466521
C_F0,0.15630249789686287,0.4784625269137314,0.15325792352249604,0.4736281802686814,63,730,racecourse,中山,53,-0.019797986415435547,0.9806810068753399
C_F0,0.15077379275420733,0.45814036190876484,0.13942343165564353,0.43307998798386477,43,560,racecourse,京都,39,0.23472939708259943,1.2020284456244488
C_F0,0.15149140830079336,0.4677808077038066,0.1501358190292694,0.4648134515631363,62,795,racecourse,函館,24,-0.10429378884365229,0.9580123808654896
C_F0,0.1428395785261685,0.44634342586162096,0.14106571829082357,0.4434577600913739,108,1474,racecourse,小倉,46,-0.28038591257886564,0.8044018093692044
C_F0,0.1271653703139048,0.4015186728061662,0.12987699069107453,0.4109853460763684,25,333,racecourse,新潟,24,0.4243200394735788,1.3995770432751597
C_F0,0.14987992756816446,0.4556666922809089,0.13995501583682463,0.43455451179681415,43,561,racecourse,札幌,25,0.15053505728845606,1.18365769602717
C_F0,0.15535420659325005,0.476673889177637,0.14806560085459916,0.4620291019291905,86,1045,racecourse,福島,38,0.06824970318036522,0.9922330968923025
C_F0,0.15164447478786372,0.47139220433328916,0.15279941226699553,0.4730141929299842,27,320,racecourse,阪神,23,-0.11224595001485164,0.95838236962357
C_F0,0.1486749891362702,0.4612412239664522,0.14495140863489167,0.45283706781235245,158,2155,race_class,Class1,117,-0.06321978082835689,0.957534877773757
C_F0,0.15392534215476045,0.47334761285463783,0.1504880249994478,0.46567112718987286,89,1262,race_class,Class2,84,-0.11469256550676728,0.9325496764626673
C_F0,0.15579308424252325,0.4807509870264544,0.15130368534856406,0.46909375686219823,43,648,race_class,Class3,42,-0.2638955014505842,0.776334306060902
C_F0,0.14764312174912936,0.4502105451798162,0.13900494153423146,0.43333057126565083,144,1369,race_class,Maiden,112,0.09404087349893751,1.0954637310742354
C_F0,0.14426797811634778,0.4477723505715097,0.1387935516797002,0.434967716746895,61,879,race_class,Open,59,0.09471913958336103,1.0968686782796329
C_F0,0.1657130876374271,0.4847812605968789,0.15280988069257997,0.457004467396849,50,227,age,2.0,41,0.22076498907525574,1.258264893015709
C_F0,0.16450592282539248,0.4971739876409461,0.15138563561014456,0.4653154801327116,307,2288,age,3.0,164,-0.030106727882260962,1.0446677932650787
C_F0,0.16323527674829322,0.49699409259869126,0.1615249465404197,0.4942256287848899,307,1704,age,4.0,173,-0.11458194516991646,0.8474576489223502
C_F0,0.13554977066265406,0.4421214174448583,0.1294235199408555,0.41906270238337656,302,1256,age,5.0,172,-0.14960258582643357,0.9732594135153524
C_F0,0.11499567303643744,0.37345768221809317,0.13051346395857039,0.41559424361950675,240,585,age,6.0,153,0.41766665974864786,1.10098669528595
C_F0,0.07171279681290613,0.2537087420366233,0.08207198208964567,0.28604105272609054,106,174,age,7.0,88,0.2424394391208658,1.198157595177854
C_F0,0.04402095251303242,0.18263724216722793,0.04964356732867479,0.19968096240312114,47,62,age,8.0,44,-1.5670198678962153,0.5520440921499766
C_F0,0.003916570719145749,0.0537454008886002,0.003960208233657518,0.053753114411774466,13,16,age,9.0,13,,
C_F0,0.0034652008890648234,0.06066970210477617,0.0034652008890648234,0.06066970210477617,1,1,age,10.0,1,,
C_F0,0.2219511434212539,0.6174677033831868,0.2058056848023977,0.5849189135905244,7,39,field_size,8,7,-0.19664284045127645,0.840477388119591
C_F0,0.17854650515298492,0.5241451787947368,0.17944341017702212,0.5265296691799185,14,113,field_size,9,13,0.027026649633159063,1.0801945866971505
C_F0,0.1920434933436073,0.559988452714239,0.18820526621709133,0.5515867860674801,26,196,field_size,10,25,0.0957301000588624,1.0829605638518893
C_F0,0.17348259618022047,0.5168233759436733,0.1790577988486711,0.5315087846699765,27,266,field_size,11,26,-0.08348615724206442,0.8497758801880261
C_F0,0.1611063382378295,0.4866428288893004,0.15983560914769318,0.4858846080262684,18,184,field_size,12,17,-0.036402074848900054,1.020765052593244
C_F0,0.16521062116158192,0.49482128833705435,0.1679793273367209,0.5049561403844697,35,391,field_size,13,32,-0.3425146316883395,0.7085753385890236
C_F0,0.1393519182774515,0.4410000232273466,0.14347020249574727,0.45314296874676774,35,414,field_size,14,30,0.09106380880163151,1.054415082319944
C_F0,0.14859397047025616,0.4623324286981637,0.14741389469628338,0.4619145183043658,40,520,field_size,15,37,-0.17896503810978176,0.8643690974624917
C_F0,0.14246785353442346,0.4454670307432305,0.1381203675892209,0.43624834905311205,171,2349,field_size,16,108,0.0981929583734476,1.091859015936548
C_F0,0.12426972915190407,0.4026225312474825,0.12891020071737685,0.4131833908864651,16,249,field_size,17,15,-0.09877987403153796,0.9381904256830352
C_F0,0.13552747308056773,0.4247462376043133,0.13324257715310509,0.4202326272218944,106,1592,field_size,18,77,-0.12122519518782572,0.9414103036047717
C_near,0.14936541464636927,0.46027254580566823,0.1445653489274699,0.45044186685772286,495,6313,all,all,195,-0.03714355491112632,0.9810007593968335
C_near,0.1496055828632521,0.46012146979550284,0.14610356301932967,0.45320479429678495,250,3194,year,2023,98,-0.06513339423513105,0.951218314891297
C_near,0.1491203450373051,0.4604267049997145,0.14299014668014698,0.4476125015995107,245,3119,year,2024,97,-0.007141198042035649,1.0133600195655947
C_near,0.14936541464636927,0.46027254580566823,0.1445653489274699,0.45044186685772286,495,6313,distance_m,1200.0,195,-0.03714355491112632,0.9810007593968335
C_near,0.1509503918447795,0.45946402404955017,0.14162341901668074,0.4386893405780223,38,495,racecourse,中京,34,-0.07302573538746591,0.9805480389997429
C_near,0.15656219148479528,0.47900316811020494,0.15329467176164083,0.4736781972464333,63,730,racecourse,中山,53,-0.018719525452217136,0.9786295215528127
C_near,0.1505004987303495,0.45711600911613126,0.139389510921204,0.4326075704495089,43,560,racecourse,京都,39,0.23432240835479448,1.2021024507304576
C_near,0.15188936664534064,0.46936897569888136,0.15054095802038756,0.46641354767120546,62,795,racecourse,函館,24,-0.12079981455231341,0.9390642716645362
C_near,0.14217146182079426,0.4447535466148047,0.14068248172084247,0.44259128579436036,108,1474,racecourse,小倉,46,-0.2727929847981314,0.8110686369794243
C_near,0.127423835903609,0.4021461076211045,0.13020110849940367,0.4118038517938152,25,333,racecourse,新潟,24,0.4287109046339439,1.3948345113911929
C_near,0.1501082378514489,0.4561810162994389,0.13980337834373704,0.4339060307293051,43,561,racecourse,札幌,25,0.16293772207133603,1.19139848665294
C_near,0.15553189672887344,0.47726883985138885,0.1481643398283029,0.46241653788264225,86,1045,racecourse,福島,38,0.06136135989515431,0.9870219904962915
C_near,0.1510064443837585,0.4701212270605118,0.1528430614985751,0.47339807753664054,27,320,racecourse,阪神,23,-0.12019115810920095,0.9484530194287003
C_near,0.14848160241334185,0.4609601782573657,0.14489659902359084,0.4529034268036945,158,2155,race_class,Class1,117,-0.069498759529041,0.9547652946149298
C_near,0.15394292743560495,0.47343868508018194,0.15052258292841933,0.4658191024364201,89,1262,race_class,Class2,84,-0.12214344015360033,0.9244690675176729
C_near,0.15581485928617642,0.4809934279447584,0.15125690356323832,0.46909099131189635,43,648,race_class,Class3,42,-0.26091205400572304,0.7745986692905301
C_near,0.14758309431734387,0.45010377616832603,0.1389300134142373,0.43319864555010656,144,1369,race_class,Maiden,112,0.09737194977215681,1.096723770274325
C_near,0.1446370818995544,0.44868029290397154,0.1390440447719506,0.43543686610679866,61,879,race_class,Open,59,0.09071747079995635,1.0890229095663968
C_near,0.16646170126772702,0.48674512243607987,0.15373687961312535,0.4590846905942724,50,227,age,2.0,41,0.19398783873604689,1.2258951677600605
C_near,0.16388203678759147,0.4960169808960997,0.15102734683703542,0.4646038910700538,307,2288,age,3.0,164,-0.025872451616955672,1.0497165216321178
C_near,0.16319993120089918,0.49693292589809435,0.16147236652452562,0.4940863639103965,307,1704,age,4.0,173,-0.1128660347911236,0.8471189592471523
C_near,0.1356706956750927,0.44290477743745643,0.12965846980375018,0.41994950801679465,302,1256,age,5.0,172,-0.165421176302697,0.9584636773909855
C_near,0.11565291342764623,0.37475908589603857,0.13120169257791314,0.41693793188184536,240,585,age,6.0,153,0.372744797492151,1.075991692749312
C_near,0.0715760056398169,0.25344101854864076,0.08227852875413252,0.2868415986951792,106,174,age,7.0,88,0.14308067870067187,1.1450397292499566
C_near,0.04387700196145893,0.18231110146085713,0.04935317563628291,0.1988725678242884,47,62,age,8.0,44,-1.512703687417785,0.5724833200357281
C_near,0.003717621976152492,0.051760547345767134,0.0037708264932242597,0.05203511917091886,13,16,age,9.0,13,,
C_near,0.0025716378595588285,0.05204233153059746,0.0025716378595588285,0.05204233153059746,1,1,age,10.0,1,,
C_near,0.22357866593791717,0.6202554818668169,0.20341305663838413,0.5790339535401637,7,39,field_size,8,7,-0.19920999222936744,0.8742562166151091
C_near,0.17699159706603926,0.520259639477642,0.17773532435822087,0.5222521576833937,14,113,field_size,9,13,0.04097384844065797,1.0970878854234314
C_near,0.19079861751707647,0.5574811325258691,0.18854021224568115,0.5525468979556271,26,196,field_size,10,25,0.0759842697547289,1.0589884067634259
C_near,0.17393595061244477,0.5189464694003155,0.1793614140418803,0.5333067372536819,27,266,field_size,11,26,-0.0964143817188206,0.828522657093865
C_near,0.16112945451640584,0.48604349125527513,0.15972971527561927,0.48461362887318016,18,184,field_size,12,17,-0.03345229552825841,1.0231609263040427
C_near,0.16538903086345533,0.4951266118924282,0.16810839726422103,0.5051684997433019,35,391,field_size,13,32,-0.35080306379910003,0.7019770800529931
C_near,0.14011948634647836,0.44289295015646424,0.14404872444209943,0.45448805070727766,35,414,field_size,14,30,0.08032681583039589,1.040910632754633
C_near,0.1479433920445813,0.4606331960931356,0.14691048465072903,0.46079036456338673,40,520,field_size,15,37,-0.16734002382452456,0.8714025146336867
C_near,0.1427223113510671,0.4463491582711483,0.13826987437984792,0.4368558232898633,171,2349,field_size,16,108,0.09954946860791482,1.0899125083566463
C_near,0.12439483679931643,0.40234234111655853,0.12881518598917305,0.41240153004664026,16,249,field_size,17,15,-0.08733451426572585,0.9513218113857423
C_near,0.13518128219089662,0.4239192815878025,0.13312728522264336,0.41995148228025114,106,1592,field_size,18,77,-0.1258736145018035,0.9396238967190497
C_regime,0.14935268908238644,0.46016131658290116,0.14455012856055413,0.45029525119381136,495,6313,all,all,195,-0.0364116509981122,0.9811276835832133
C_regime,0.14971503071075232,0.4602612557937875,0.146164822917311,0.4532003130570885,250,3194,year,2023,98,-0.06225027036064611,0.9515974815980497
C_regime,0.14898295272691103,0.46005933779628244,0.1428966069909865,0.4473203337230491,245,3119,year,2024,97,-0.008897608735725183,1.0130689523110243
C_regime,0.14935268908238644,0.46016131658290116,0.14455012856055413,0.45029525119381136,495,6313,distance_m,1200.0,195,-0.0364116509981122,0.9811276835832133
C_regime,0.15067829129804688,0.45886645713973406,0.14143522828038302,0.4383073284493844,38,495,racecourse,中京,34,-0.06854346321808703,0.9831037030798002
C_regime,0.1569310798071976,0.4798168781380348,0.1536358615023803,0.4744909218124269,63,730,racecourse,中山,53,-0.02848055384192557,0.9706954659601947
C_regime,0.1498820125175845,0.4554179576943462,0.1390464617286824,0.431497244275582,43,560,racecourse,京都,39,0.25224409969769734,1.2164594796850552
C_regime,0.1515805385543427,0.4685131369370088,0.15031058038265446,0.4657080979052832,62,795,racecourse,函館,24,-0.11514950920416352,0.9443058708968636
C_regime,0.14238340763934573,0.445070521674306,0.14077098038448976,0.44252391448287687,108,1474,racecourse,小倉,46,-0.27421027355679783,0.8093829760687803
C_regime,0.1272944282779054,0.40167269149664037,0.13008754636513148,0.4112224577353526,25,333,racecourse,新潟,24,0.43745081785530493,1.403903662899758
C_regime,0.15029593800694058,0.4566607113016517,0.13994512119447022,0.4342855480232962,43,561,racecourse,札幌,25,0.1611033065698343,1.183401169329327
C_regime,0.15541016651358405,0.47699943542387974,0.14806109505527207,0.4622098862917451,86,1045,racecourse,福島,38,0.06159832828485039,0.988041063542624
C_regime,0.15135035864863042,0.4709585438115855,0.15302743558060858,0.47386304269503743,27,320,racecourse,阪神,23,-0.1245401344051778,0.9451392563072804
C_regime,0.14855420662376156,0.4610228976787069,0.14491291093719672,0.4528113035628326,158,2155,race_class,Class1,117,-0.0666880224736491,0.955764825248083
C_regime,0.1540559319305822,0.47354730401445755,0.15064727552957324,0.4659143347515525,89,1262,race_class,Class2,84,-0.12080070481127296,0.9250786875096106
C_regime,0.15591513225690418,0.48120914735404513,0.15138228230653983,0.4693447217369397,43,648,race_class,Class3,42,-0.26426441950884966,0.7701863525398526
C_regime,0.14743145714879946,0.44973369540166214,0.1387716886166596,0.43280479394482674,144,1369,race_class,Maiden,112,0.0967340460235949,1.0974263562121789
C_regime,0.14446816378575636,0.44817833350738334,0.13886987049368954,0.43489934989324497,61,879,race_class,Open,59,0.08834350447651308,1.0884156813233248
C_regime,0.16591426023881198,0.48556455103657664,0.15304864593860606,0.45764594667043546,50,227,age,2.0,41,0.21010484981467684,1.2467856260861345
C_regime,0.16415716877284212,0.49649689493896915,0.1511548070347108,0.4647784427727006,307,2288,age,3.0,164,-0.02826823477683576,1.0464128838668727
C_regime,0.16320341174705064,0.49678734106595634,0.16152839109423286,0.49407896244599153,307,1704,age,4.0,173,-0.11355543524699184,0.8466391496891678
C_regime,0.13561441061091206,0.4428999102820405,0.12946808579891478,0.41935986303889083,302,1256,age,5.0,172,-0.1573333769825482,0.9638391167095328
C_regime,0.11557882983810372,0.3745720094468916,0.131175528540625,0.41696926967278,240,585,age,6.0,153,0.36472467315786966,1.070514023677526
C_regime,0.0715332496465168,0.2534451649708186,0.08199481638276146,0.28622563000248136,106,174,age,7.0,88,0.20177405167778012,1.1734623902387538
C_regime,0.0434736711132649,0.1797266497285551,0.048973826140734256,0.1963433381901595,47,62,age,8.0,44,-1.2972132013395279,0.6598959443774512
C_regime,0.0037017932566068552,0.05144531381719075,0.003769405834710019,0.051824894980424585,13,16,age,9.0,13,,
C_regime,0.0029563303395561125,0.055906177101734,0.0029563303395561125,0.055906177101734,1,1,age,10.0,1,,
C_regime,0.22594340152538003,0.6260513617437979,0.20539399808711062,0.5842136732658001,7,39,field_size,8,7,-0.20742267512722834,0.8413934624326741
C_regime,0.17622882074249707,0.5187178521317363,0.1770297237400633,0.5208157749080705,14,113,field_size,9,13,0.05200925529853375,1.1164130247808004
C_regime,0.19066666945564748,0.5572040588797696,0.18856942655385286,0.5525457272477291,26,196,field_size,10,25,0.08234123154593435,1.0667019583880224
C_regime,0.17409406138227976,0.519044930761559,0.17964821234101394,0.5336664587714751,27,266,field_size,11,26,-0.10134904978669887,0.8239253998868192
C_regime,0.1617295374337513,0.4870134955956431,0.16059679025732992,0.48659838381886067,18,184,field_size,12,17,-0.048220090954404625,1.0108471790456524
C_regime,0.16500494926812473,0.4944202649615757,0.16772634020883684,0.5044693317794807,35,391,field_size,13,32,-0.3368476764505738,0.7105143692915806
C_regime,0.13987379997704918,0.4423116020167481,0.14377198671199581,0.45371497482343826,35,414,field_size,14,30,0.08698949617575262,1.0488603623014943
C_regime,0.14818561932195912,0.46128731122615535,0.14700762605578285,0.46100736267607934,40,520,field_size,15,37,-0.17087483928675334,0.8699998374524363
C_regime,0.1426233560471997,0.44600846271007616,0.13824571622110218,0.43670691829706343,171,2349,field_size,16,108,0.09702224017906573,1.0868467912818482
C_regime,0.1240885961917437,0.4015027975004012,0.1285191140634263,0.4114927654261533,16,249,field_size,17,15,-0.08204905336665912,0.9543839916678477
C_regime,0.13527902488805896,0.4239535942227409,0.1331327773401693,0.4197195195998486,106,1592,field_size,18,77,-0.12557302479268626,0.9395263087309896
C_course_distance,0.14936847226904162,0.46022136697435523,0.14460516799741482,0.45050554528124226,495,6313,all,all,195,-0.03788590221437895,0.9801146066065459
C_course_distance,0.14972201216483877,0.4603014040339734,0.14623224281056083,0.4534625746904244,250,3194,year,2023,98,-0.06703395073168412,0.9496362087487227
C_course_distance,0.1490077172733303,0.46013969650535713,0.14293896826891583,0.44747741064420227,245,3119,year,2024,97,-0.006805231886267465,1.0130840084872108
C_course_distance,0.14936847226904162,0.46022136697435523,0.14460516799741482,0.45050554528124226,495,6313,distance_m,1200.0,195,-0.03788590221437895,0.9801146066065459
C_course_distance,0.15078073393470073,0.45924314817553685,0.14127714793250432,0.4381580141051571,38,495,racecourse,中京,34,-0.0610478387728395,0.9883787617255059
C_course_distance,0.15686126461158942,0.4796662757463912,0.15375356270653323,0.47479087555713956,63,730,racecourse,中山,53,-0.0295383723788967,0.9673926444324917
C_course_distance,0.1500302702347341,0.4560876212853686,0.13907783684755257,0.4320125066273778,43,560,racecourse,京都,39,0.24936203433561197,1.2124962323993569
C_course_distance,0.15144409222690128,0.46808153089623283,0.15018646341086395,0.46532957670387176,62,795,racecourse,函館,24,-0.10963444638890057,0.9482809002719648
C_course_distance,0.1425307522278091,0.4455457851090908,0.14094255270720563,0.443129575662659,108,1474,racecourse,小倉,46,-0.28566907062037267,0.8030571887272185
C_course_distance,0.12736809026782972,0.4017785484303627,0.13020023617601464,0.4114705242804647,25,333,racecourse,新潟,24,0.43520078181019783,1.3986372178554018
C_course_distance,0.14989314705734944,0.4556487459523367,0.14002186783103102,0.4344882894023926,43,561,racecourse,札幌,25,0.1607500366843194,1.1817729916173658
C_course_distance,0.15545473406365484,0.47698851095975225,0.14813334599110886,0.46228884324262765,86,1045,racecourse,福島,38,0.05968731633696885,0.9889890466750246
C_course_distance,0.151577589804664,0.47145268510168464,0.15306466802532323,0.473935885548018,27,320,racecourse,阪神,23,-0.11798739191449327,0.9505347771483215
C_course_distance,0.14865481839063138,0.46133625517011856,0.1450000769974402,0.45311995722473614,158,2155,race_class,Class1,117,-0.06811397856518663,0.9518350244396014
C_course_distance,0.15429494307569339,0.4741503395318686,0.15090249574666362,0.4665841518337498,89,1262,race_class,Class2,84,-0.126657833892478,0.9212281795034715
C_course_distance,0.1562217053655843,0.48186884565182503,0.15157579435233526,0.46977653238938705,43,648,race_class,Class3,42,-0.26843091668702096,0.7684393979840046
C_course_distance,0.14715226323963024,0.4489717543409135,0.1385523096871652,0.43222843933695115,144,1369,race_class,Maiden,112,0.09742250566309683,1.099998496361367
C_course_distance,0.14442989010643031,0.4483077889995215,0.13888405381554522,0.43527061830076763,61,879,race_class,Open,59,0.09033872895025168,1.0929471524141252
C_course_distance,0.16556199791456358,0.48438653750970667,0.15265046666535356,0.4565495990838002,50,227,age,2.0,41,0.22645264856052785,1.2530023176012988
C_course_distance,0.16447045567982732,0.4970625659009215,0.15117402223735296,0.4647756858174609,307,2288,age,3.0,164,-0.03251715539011543,1.0434869121451982
C_course_distance,0.16327598412083938,0.49712060964419286,0.16160307815096692,0.49444805043436885,307,1704,age,4.0,173,-0.1155605928173663,0.8446632992521226
C_course_distance,0.13571316265790195,0.4430510719341593,0.12962422438167667,0.41970884898079536,302,1256,age,5.0,172,-0.15813095969271415,0.9640396823073912
C_course_distance,0.11568334929041854,0.3753037171781662,0.13127222704308378,0.41764410550735276,240,585,age,6.0,153,0.3682139896034126,1.0724131644764359
C_course_distance,0.07149153818912299,0.2529070542157845,0.08188464837806983,0.285797967876435,106,174,age,7.0,88,0.22958104187042586,1.193693219506607
C_course_distance,0.04387181391485515,0.18191035519929014,0.04948801920188918,0.1991315619335481,47,62,age,8.0,44,-1.5243290190620382,0.5689193764372601
C_course_distance,0.003788593445673591,0.05295688260320884,0.0038405296390403203,0.05316164733712472,13,16,age,9.0,13,,
C_course_distance,0.0030484602174266073,0.056795628490591846,0.0030484602174266073,0.056795628490591846,1,1,age,10.0,1,,
C_course_distance,0.2237372536042379,0.6205374882363863,0.20348505897343172,0.5791143427409907,7,39,field_size,8,7,-0.19225547987970737,0.8694031185894672
C_course_distance,0.17757998593204824,0.5221947125518672,0.17833805768691818,0.5242800469004686,14,113,field_size,9,13,0.04479425077514635,1.0970227026847659
C_course_distance,0.1911778715435075,0.5581230653741518,0.18867474568043507,0.5526260541209681,26,196,field_size,10,25,0.0879791723582904,1.065487828570597
C_course_distance,0.17429897945922407,0.5187649687836513,0.17997716214788667,0.5337114922872251,27,266,field_size,11,26,-0.10333859329270743,0.819760344215392
C_course_distance,0.16128141817053707,0.4862671286805233,0.16019257541290224,0.48610482421359436,18,184,field_size,12,17,-0.04348134915878215,1.0059112146297848
C_course_distance,0.16516237299373748,0.4947693457955438,0.16804923079357906,0.5052937442250276,35,391,field_size,13,32,-0.3424101957513792,0.7040176599710972
C_course_distance,0.1397999446411544,0.44204296143730015,0.14380368809928662,0.45382156151009323,35,414,field_size,14,30,0.08213479087977252,1.0475267038171028
C_course_distance,0.14847956992112019,0.4623570301472554,0.14717212225308857,0.4618143403278344,40,520,field_size,15,37,-0.17250508707480797,0.8668866019663012
C_course_distance,0.142576702313533,0.4458393888882908,0.13827036193414846,0.43669192574160354,171,2349,field_size,16,108,0.09839047041587903,1.0891507538799037
C_course_distance,0.1237399270535644,0.40037829035822325,0.12824543874311803,0.41061514805731886,16,249,field_size,17,15,-0.05922540609210025,0.966291624989979
C_course_distance,0.13520784641283162,0.42412383001056614,0.1331488847192624,0.42013769385771377,106,1592,field_size,18,77,-0.13619961758836407,0.9342780947570923
