line,race_id,jra,flat,expected_fields,actual_fields
17817,201248011604,False,False,18,19
19136,201248011906,False,False,18,19
24347,201046010205,False,False,18,19
24377,201046010208,False,False,18,19
24903,201046010302,False,False,18,19
24904,201046010302,False,False,18,19
24939,201046010401,False,False,18,19
24942,201046010401,False,False,18,19
24945,201046010404,False,False,18,19
24951,201046010404,False,False,18,19
25133,201046010403,False,False,18,19
28019,201048011203,False,False,18,19
28258,201048011210,False,False,18,19
28334,201048011302,False,False,18,19
29898,201047011702,False,False,18,19
30850,201050011902,False,False,18,19
48427,201146010204,False,False,18,19
48659,201146010301,False,False,18,19
48663,201146010301,False,False,18,19
48942,201146010403,False,False,18,19
57149,201148012503,False,False,18,19
58295,201148012801,False,False,18,19
58296,201148012801,False,False,18,19
77638,201054071604,False,False,18,19
85808,201048100703,False,False,18,19
87276,201046101101,False,False,18,19
107779,201048020503,False,False,18,19
107840,201048020504,False,False,18,19
107932,201048020502,False,False,18,19
110653,201054021205,False,False,18,19
112763,201048021701,False,False,18,19
113171,201048021807,False,False,18,19
115404,201047022403,False,False,18,19
116001,201050022502,False,False,18,19
116013,201047022503,False,False,18,19
129435,201154020403,False,False,18,19
151366,201254020301,False,False,18,19
151467,201248020307,False,False,18,19
152874,201253020602,False,False,18,19
160560,201253022603,False,False,18,19
162150,201036110101,False,False,18,19
162735,201048110302,False,False,18,19
164551,201047110805,False,False,18,19
164553,201047110805,False,False,18,19
165065,201046110903,False,False,18,19
165096,201046110902,False,False,18,19
165097,201046110902,False,False,18,19
165098,201046110902,False,False,18,19
167769,201030111604,False,False,18,19
168240,201048111803,False,False,18,19
168250,201048111805,False,False,18,19
168766,201056111908,False,False,18,19
170783,201047112407,False,False,18,19
170838,201047112406,False,False,18,19
173906,201054080201,False,False,18,19
177580,201053081302,False,False,18,19
177586,201053081302,False,False,18,19
179440,201047081802,False,False,18,19
192984,201154032606,False,False,18,19
206921,201247030103,False,False,18,19
206987,201247030105,False,False,18,19
208829,201248030601,False,False,18,19
211635,201246031307,False,False,18,19
212331,201247031504,False,False,18,19
212401,201247031503,False,False,18,19
212887,201247031602,False,False,18,19
216755,201254032608,False,False,18,19
217317,201246032708,False,False,18,19
217746,201246032901,False,False,18,19
217910,201246032902,False,False,18,19
242481,201048030202,False,False,18,19
246349,201047031103,False,False,18,19
248978,201048031802,False,False,18,19
254115,201048033103,False,False,18,19
259534,201046091402,False,False,18,19
259536,201046091402,False,False,18,19
259537,201046091402,False,False,18,19
266205,201050120202,False,False,18,19
268110,201048120707,False,False,18,19
268123,201046120707,False,False,18,19
268161,201048120702,False,False,18,19
270689,201036121302,False,False,18,19
270923,201047121401,False,False,18,19
273337,201048122004,False,False,18,19
273610,201048122108,False,False,18,19
273650,201048122104,False,False,18,19
274170,201046122301,False,False,18,19
280723,201153041002,False,False,18,19
283041,201146041703,False,False,18,19
283183,201146041705,False,False,18,19
285104,201154042205,False,False,18,19
286839,201146042602,False,False,18,19
317183,201048041508,False,False,18,19
317594,201056041604,False,False,18,19
321931,201047042704,False,False,18,19
321966,201047042701,False,False,18,19
321968,201047042701,False,False,18,19
321989,201047042706,False,False,18,19
322146,201047042709,False,False,18,19
322148,201047042709,False,False,18,19
322154,201047042707,False,False,18,19
322157,201047042707,False,False,18,19
322179,201046042706,False,False,18,19
329022,201248041610,False,False,18,19
330603,201248042010,False,False,18,19
333105,201247042604,False,False,18,19
358150,201154070104,False,False,18,19
359592,201148070410,False,False,18,19
362557,201146071205,False,False,18,19
362563,201146071205,False,False,18,19
363321,201147071411,False,False,18,19
363469,201154071501,False,False,18,19
363566,201154071503,False,False,18,19
363567,201154071503,False,False,18,19
363569,201154071503,False,False,18,19
363571,201154071503,False,False,18,19
363627,201154071504,False,False,18,19
363630,201154071504,False,False,18,19
385768,201147051202,False,False,18,19
388448,201130051802,False,False,18,19
388901,201154052002,False,False,18,19
388910,201154052004,False,False,18,19
389061,201154052003,False,False,18,19
389065,201154052003,False,False,18,19
389066,201154052003,False,False,18,19
409150,201047051302,False,False,18,19
411330,201048051803,False,False,18,19
412454,201054052105,False,False,18,19
412529,201054052102,False,False,18,19
440191,201230053101,False,False,18,19
452061,201153080105,False,False,18,19
455087,201146080903,False,False,18,19
455286,201148081004,False,False,18,19
459752,201154082203,False,False,18,19
459829,201154082204,False,False,18,19
462473,201148082903,False,False,18,19
472277,201448062511,False,False,18,19
472455,201448062510,False,False,18,19
478138,201148061002,False,False,18,19
480015,201146061405,False,False,18,19
482722,201148062205,False,False,18,19
482908,201148062302,False,False,18,19
482909,201148062302,False,False,18,19
501320,201047061107,False,False,18,19
507665,201053062808,False,False,18,19
543412,201147090201,False,False,18,19
543414,201147090201,False,False,18,19
545432,201147090703,False,False,18,19
546130,201148090909,False,False,18,19
546131,201148090909,False,False,18,19
589757,201246070301,False,False,18,19
637393,201147100302,False,False,18,19
637460,201147100306,False,False,18,19
637461,201147100306,False,False,18,19
640487,201146101111,False,False,18,19
642929,201146101806,False,False,18,19
643050,201146101803,False,False,18,19
645204,201146102403,False,False,18,19
645217,201146102401,False,False,18,19
645287,201146102402,False,False,18,19
645289,201146102402,False,False,18,19
645334,201146102407,False,False,18,19
645337,201146102407,False,False,18,19
645624,201146102504,False,False,18,19
645627,201146102504,False,False,18,19
646600,201148102802,False,False,18,19
646693,201154102803,False,False,18,19
646696,201154102803,False,False,18,19
684939,201248080808,False,False,18,19
684940,201248080808,False,False,18,19
693505,201254083107,False,False,18,19
693506,201254083107,False,False,18,19
711622,201146111502,False,False,18,19
712829,201148111809,False,False,18,19
712870,201148111803,False,False,18,19
712871,201148111803,False,False,18,19
712901,201148111802,False,False,18,19
714673,201150112208,False,False,18,19
717483,201146112903,False,False,18,19
717485,201146112903,False,False,18,19
799209,201148120108,False,False,18,19
799678,201154120205,False,False,18,19
799807,201154120203,False,False,18,19
799811,201154120203,False,False,18,19
799812,201154120203,False,False,18,19
801167,201135120501,False,False,18,19
801304,201146120605,False,False,18,19
802403,201148120906,False,False,18,19
803832,201147121206,False,False,18,19
803965,201150121306,False,False,18,19
804650,201150121407,False,False,18,19
806490,201136121902,False,False,18,19
806910,201148122007,False,False,18,19
806945,201148122004,False,False,18,19
806946,201148122004,False,False,18,19
807018,201148122008,False,False,18,19
809873,201147122701,False,False,18,19
810099,201146122807,False,False,18,19
1027598,201347031406,False,False,18,19
1029384,201346031906,False,False,18,19
1029387,201346031906,False,False,18,19
1029479,201348031902,False,False,18,19
1058900,201248120401,False,False,18,19
1058941,201246120402,False,False,18,19
1058987,201246120401,False,False,18,19
1059049,201248120402,False,False,18,19
1061937,201247121207,False,False,18,19
1088346,201350092001,False,False,18,19
1119442,201347040803,False,False,18,19
1120421,201347041103,False,False,18,19
1120457,201347041107,False,False,18,19
1120460,201347041107,False,False,18,19
1157605,201347051306,False,False,18,19
1163414,201347052906,False,False,18,19
1314420,201346120307,False,False,18,19
1316736,201347120902,False,False,18,19
1316910,201347120908,False,False,18,19
