race_day_key,year,actual_date,racecourse,source_race_count,exact_marker_count,raw_header_count,compact_header_count,raw_race_label_count,compact_race_label_count,official_summary_race_count,count_override,verification_method,official_source_url
2011100107,2011,2011-02-12,小倉,12,3,3,3,12,12,3,,official_pdf_header_count,https://www.jra.go.jp/datafile/seiseki/report/2011/2011-1kokura7.pdf
2013020202,2013,2013-07-07,函館,12,10,10,10,10,10,12,,official_pdf_header_count,https://www.jra.go.jp/datafile/seiseki/report/2013/2013-2hakodate2.pdf
2013030201,2013,2013-06-29,福島,12,10,10,10,10,10,12,,official_pdf_header_count,https://www.jra.go.jp/datafile/seiseki/report/2013/2013-2fukushima1.pdf
2013050501,2013,2013-11-02,東京,12,10,10,10,10,10,12,,official_pdf_header_count,https://www.jra.go.jp/datafile/seiseki/report/2013/2013-5tokyo1.pdf
2013050505,2013,2013-11-16,東京,12,8,8,8,8,8,12,,official_pdf_header_count,https://www.jra.go.jp/datafile/seiseki/report/2013/2013-5tokyo5.pdf
2013060103,2013,2013-01-12,中山,12,10,10,10,10,10,12,,official_pdf_header_count,https://www.jra.go.jp/datafile/seiseki/report/2013/2013-1nakayama3.pdf
2013060105,2013,2013-01-14,中山,12,4,4,4,12,12,4,,official_pdf_header_count,https://www.jra.go.jp/datafile/seiseki/report/2013/2013-1nakayama5.pdf
2013080303,2013,2013-04-27,京都,12,10,10,10,10,10,12,,official_pdf_header_count,https://www.jra.go.jp/datafile/seiseki/report/2013/2013-3kyoto3.pdf
2013080407,2013,2013-10-20,京都,12,10,10,10,10,10,12,,official_pdf_header_count,https://www.jra.go.jp/datafile/seiseki/report/2013/2013-4kyoto7.pdf
2013090108,2013,2013-03-17,阪神,12,11,10,10,10,10,12,,official_pdf_header_count,https://www.jra.go.jp/datafile/seiseki/report/2013/2013-1hanshin8.pdf
2013090207,2013,2013-04-13,阪神,12,10,10,10,10,10,12,,official_pdf_header_count,https://www.jra.go.jp/datafile/seiseki/report/2013/2013-2hanshin7.pdf
2014050104,2014,2014-02-17,東京,11,9,9,9,10,10,11,,official_pdf_header_count,https://www.jra.go.jp/datafile/seiseki/report/2014/2014-1tokyo4.pdf
2014050105,2014,2014-02-18,東京,11,7,7,7,8,8,11,,official_pdf_header_count,https://www.jra.go.jp/datafile/seiseki/report/2014/2014-1tokyo5.pdf
2014050211,2014,2014-05-31,東京,12,10,10,10,10,10,12,,official_pdf_header_count,https://www.jra.go.jp/datafile/seiseki/report/2014/2014-2tokyo11.pdf
2014050212,2014,2014-06-01,東京,12,10,10,10,10,10,12,,official_pdf_header_count,https://www.jra.go.jp/datafile/seiseki/report/2014/2014-2tokyo12.pdf
2014060109,2014,2014-01-26,中山,12,10,10,10,10,10,12,,official_pdf_header_count,https://www.jra.go.jp/datafile/seiseki/report/2014/2014-1nakayama9.pdf
2014070203,2014,2014-03-21,中京,12,10,10,10,10,10,12,,official_pdf_header_count,https://www.jra.go.jp/datafile/seiseki/report/2014/2014-2chukyo3.pdf
2014070401,2014,2014-12-06,中京,12,0,0,0,8,8,12,12.0,official_pdf_header_count,https://www.jra.go.jp/datafile/seiseki/report/2014/2014-4chukyo1.pdf
2014080205,2014,2014-02-15,京都,12,10,10,10,10,10,12,,official_pdf_header_count,https://www.jra.go.jp/datafile/seiseki/report/2014/2014-2kyoto5.pdf
2014080311,2014,2014-05-31,京都,12,10,10,10,10,10,12,,official_pdf_header_count,https://www.jra.go.jp/datafile/seiseki/report/2014/2014-3kyoto11.pdf
2014080312,2014,2014-06-01,京都,12,10,10,10,10,10,12,,official_pdf_header_count,https://www.jra.go.jp/datafile/seiseki/report/2014/2014-3kyoto12.pdf
2014090101,2014,2014-03-01,阪神,12,10,10,10,10,10,12,,official_pdf_header_count,https://www.jra.go.jp/datafile/seiseki/report/2014/2014-1hanshin1.pdf
2015010202,2015,2015-08-23,札幌,12,10,10,10,10,10,12,,official_pdf_header_count,https://www.jra.go.jp/datafile/seiseki/report/2015/2015-2sapporo2.pdf
2015010203,2015,2015-08-29,札幌,12,8,8,8,8,8,12,,official_pdf_header_count,https://www.jra.go.jp/datafile/seiseki/report/2015/2015-2sapporo3.pdf
2015010204,2015,2015-08-30,札幌,12,8,8,8,8,8,12,,official_pdf_header_count,https://www.jra.go.jp/datafile/seiseki/report/2015/2015-2sapporo4.pdf
2015050206,2015,2015-05-10,東京,12,10,10,10,10,10,12,,official_pdf_header_count,https://www.jra.go.jp/datafile/seiseki/report/2015/2015-2tokyo6.pdf
2015050302,2015,2015-06-07,東京,12,10,10,10,10,10,12,,official_pdf_header_count,https://www.jra.go.jp/datafile/seiseki/report/2015/2015-3tokyo2.pdf
2015060409,2015,2015-10-04,中山,12,10,10,10,10,10,12,,official_pdf_header_count,https://www.jra.go.jp/datafile/seiseki/report/2015/2015-4nakayama9.pdf
2015100202,2015,2015-08-02,小倉,12,10,10,10,10,10,12,,official_pdf_header_count,https://www.jra.go.jp/datafile/seiseki/report/2015/2015-2kokura2.pdf
2016060302,2016,2016-03-27,中山,12,10,10,10,10,10,12,,official_pdf_header_count,https://www.jra.go.jp/datafile/seiseki/report/2016/2016-3nakayama2.pdf
2016070204,2016,2016-03-21,中京,12,10,10,10,10,10,12,,official_pdf_header_count,https://www.jra.go.jp/datafile/seiseki/report/2016/2016-2chukyo4.pdf
2016080308,2016,2016-05-15,京都,12,10,10,10,10,10,12,,official_pdf_header_count,https://www.jra.go.jp/datafile/seiseki/report/2016/2016-3kyoto8.pdf
2016090404,2016,2016-09-18,阪神,12,10,10,10,10,10,12,,official_pdf_header_count,https://www.jra.go.jp/datafile/seiseki/report/2016/2016-4hanshin4.pdf
2016090508,2016,2016-12-24,阪神,12,8,8,8,8,8,12,,official_pdf_header_count,https://www.jra.go.jp/datafile/seiseki/report/2016/2016-5hanshin8.pdf
2016100205,2016,2016-08-13,小倉,12,10,10,10,10,10,12,,official_pdf_header_count,https://www.jra.go.jp/datafile/seiseki/report/2016/2016-2kokura5.pdf
2017030202,2017,2017-07-02,福島,12,10,10,10,10,10,12,,official_pdf_header_count,https://www.jra.go.jp/datafile/seiseki/report/2017/2017-2fukushima2.pdf
2017050103,2017,2017-02-04,東京,12,10,10,10,10,10,12,,official_pdf_header_count,https://www.jra.go.jp/datafile/seiseki/report/2017/2017-1tokyo3.pdf
2017050105,2017,2017-02-11,東京,12,10,10,10,10,10,12,,official_pdf_header_count,https://www.jra.go.jp/datafile/seiseki/report/2017/2017-1tokyo5.pdf
2017050306,2017,2017-06-18,東京,12,10,10,10,11,11,12,,official_pdf_header_count,https://www.jra.go.jp/datafile/seiseki/report/2017/2017-3tokyo6.pdf
2017060201,2017,2017-02-25,中山,12,11,10,10,10,10,12,,official_pdf_header_count,https://www.jra.go.jp/datafile/seiseki/report/2017/2017-2nakayama1.pdf
2017070106,2017,2017-01-29,中京,12,10,10,10,10,10,12,,official_pdf_header_count,https://www.jra.go.jp/datafile/seiseki/report/2017/2017-1chukyo6.pdf
2017080502,2017,2017-11-05,京都,12,10,10,10,10,10,12,,official_pdf_header_count,https://www.jra.go.jp/datafile/seiseki/report/2017/2017-5kyoto2.pdf
2017080508,2017,2017-11-26,京都,12,11,10,10,10,10,12,,official_pdf_header_count,https://www.jra.go.jp/datafile/seiseki/report/2017/2017-5kyoto8.pdf
2017100202,2017,2017-07-30,小倉,12,10,10,10,10,10,12,,official_pdf_header_count,https://www.jra.go.jp/datafile/seiseki/report/2017/2017-2kokura2.pdf
2018040207,2018,2018-08-18,新潟,12,11,10,10,10,10,12,,official_pdf_header_count,https://www.jra.go.jp/datafile/seiseki/report/2018/2018-2niigata7.pdf
2018040301,2018,2018-10-13,新潟,12,10,10,10,10,10,12,,official_pdf_header_count,https://www.jra.go.jp/datafile/seiseki/report/2018/2018-3niigata1.pdf
2018040306,2018,2018-10-28,新潟,12,11,10,10,10,10,12,,official_pdf_header_count,https://www.jra.go.jp/datafile/seiseki/report/2018/2018-3niigata6.pdf
2018070205,2018,2018-03-24,中京,12,10,10,10,10,10,12,,official_pdf_header_count,https://www.jra.go.jp/datafile/seiseki/report/2018/2018-2chukyo5.pdf
2018070401,2018,2018-12-01,中京,12,10,10,10,10,10,12,,official_pdf_header_count,https://www.jra.go.jp/datafile/seiseki/report/2018/2018-4chukyo1.pdf
2018080504,2018,2018-11-11,京都,12,10,10,10,11,11,12,,official_pdf_header_count,https://www.jra.go.jp/datafile/seiseki/report/2018/2018-5kyoto4.pdf
2018090201,2018,2018-03-24,阪神,12,10,10,10,10,10,12,,official_pdf_header_count,https://www.jra.go.jp/datafile/seiseki/report/2018/2018-2hanshin1.pdf
2019050306,2019,2019-06-16,東京,12,10,10,10,10,10,12,,official_pdf_header_count,https://www.jra.go.jp/datafile/seiseki/report/2019/2019-3tokyo6.pdf
2020030101,2020,2020-04-11,福島,12,10,10,10,12,12,12,,official_pdf_header_count,https://www.jra.go.jp/datafile/seiseki/report/2020/2020-1fukushima1.pdf
2020040101,2020,2020-05-09,新潟,12,3,0,0,2,2,0,12.0,official_verified_count_override,https://www.jra.go.jp/datafile/seiseki/report/2020/2020-1niigata1.pdf
2020050108,2020,2020-02-23,東京,12,10,10,10,10,10,12,,official_pdf_header_count,https://www.jra.go.jp/datafile/seiseki/report/2020/2020-1tokyo8.pdf
2020050205,2020,2020-05-09,東京,12,0,0,0,0,0,0,12.0,official_verified_count_override,https://www.jra.go.jp/datafile/seiseki/report/2020/2020-2tokyo5.pdf
2020060302,2020,2020-03-29/2020-03-31,中山,12,0,0,0,0,0,0,12.0,official_continuation_racing_exception,https://www.jra.go.jp/keiba/calendar2020/2020/3/0329.html;https://www.jra.go.jp/keiba/calendar2020/2020/3/0331.html
2020080305,2020,2020-05-09,京都,12,0,0,0,0,0,0,12.0,official_verified_count_override,https://www.jra.go.jp/datafile/seiseki/report/2020/2020-3kyoto5.pdf
2023010204,2023,2023-08-20,札幌,12,10,10,10,10,10,12,,official_pdf_header_count,https://www.jra.go.jp/datafile/seiseki/report/2023/2023-2sapporo4.pdf
