candidate,outer_year,scope,feature,source_feature,context_rows,context_nonmissing,relative_nonmissing,relative_coverage,eligible_rows,eligible_nonmissing,eligible_coverage
A_current_1200,2023,training,rel_career_top3_vs_others,career_top3_shrunk,27974,27974,27974,1.0,23656,23656,1.0
A_current_1200,2023,training,rel_same_distance_top3_vs_others,same_distance_top3_shrunk,27974,27974,27974,1.0,23656,23656,1.0
A_current_1200,2023,training,rel_same_course_top3_vs_others,same_course_top3_shrunk,27974,27974,27974,1.0,23656,23656,1.0
A_current_1200,2023,training,rel_recent3_finish_vs_others,recent3_finish_pct_mean,27974,27546,27546,0.9847000786444555,23656,23656,1.0
A_current_1200,2023,training,rel_recent3_time_vs_others,recent3_relative_time_mean,27974,27546,27546,0.9847000786444555,23656,23656,1.0
A_current_1200,2023,evaluation,rel_career_top3_vs_others,career_top3_shrunk,3749,3749,3749,1.0,3194,3194,1.0
A_current_1200,2023,evaluation,rel_same_distance_top3_vs_others,same_distance_top3_shrunk,3749,3749,3749,1.0,3194,3194,1.0
A_current_1200,2023,evaluation,rel_same_course_top3_vs_others,same_course_top3_shrunk,3749,3749,3749,1.0,3194,3194,1.0
A_current_1200,2023,evaluation,rel_recent3_finish_vs_others,recent3_finish_pct_mean,3749,3699,3699,0.98666311016271,3194,3194,1.0
A_current_1200,2023,evaluation,rel_recent3_time_vs_others,recent3_relative_time_mean,3749,3699,3699,0.98666311016271,3194,3194,1.0
A_current_1200,2024,training,rel_career_top3_vs_others,career_top3_shrunk,31723,31723,31723,1.0,26850,26850,1.0
A_current_1200,2024,training,rel_same_distance_top3_vs_others,same_distance_top3_shrunk,31723,31723,31723,1.0,26850,26850,1.0
A_current_1200,2024,training,rel_same_course_top3_vs_others,same_course_top3_shrunk,31723,31723,31723,1.0,26850,26850,1.0
A_current_1200,2024,training,rel_recent3_finish_vs_others,recent3_finish_pct_mean,31723,31245,31245,0.9849320682154903,26850,26850,1.0
A_current_1200,2024,training,rel_recent3_time_vs_others,recent3_relative_time_mean,31723,31245,31245,0.9849320682154903,26850,26850,1.0
A_current_1200,2024,evaluation,rel_career_top3_vs_others,career_top3_shrunk,3667,3667,3667,1.0,3119,3119,1.0
A_current_1200,2024,evaluation,rel_same_distance_top3_vs_others,same_distance_top3_shrunk,3667,3667,3667,1.0,3119,3119,1.0
A_current_1200,2024,evaluation,rel_same_course_top3_vs_others,same_course_top3_shrunk,3667,3667,3667,1.0,3119,3119,1.0
A_current_1200,2024,evaluation,rel_recent3_finish_vs_others,recent3_finish_pct_mean,3667,3609,3609,0.9841832560676302,3119,3119,1.0
A_current_1200,2024,evaluation,rel_recent3_time_vs_others,recent3_relative_time_mean,3667,3609,3609,0.9841832560676302,3119,3119,1.0
B_turf_sprint_1000_1400,2023,training,rel_career_top3_vs_others,career_top3_shrunk,42814,42814,42814,1.0,35179,35179,1.0
B_turf_sprint_1000_1400,2023,training,rel_same_distance_top3_vs_others,same_distance_top3_shrunk,42814,42814,42814,1.0,35179,35179,1.0
B_turf_sprint_1000_1400,2023,training,rel_same_course_top3_vs_others,same_course_top3_shrunk,42814,42814,42814,1.0,35179,35179,1.0
B_turf_sprint_1000_1400,2023,training,rel_recent3_finish_vs_others,recent3_finish_pct_mean,42814,42053,42053,0.982225440276545,35179,35179,1.0
B_turf_sprint_1000_1400,2023,training,rel_recent3_time_vs_others,recent3_relative_time_mean,42814,42053,42053,0.982225440276545,35179,35179,1.0
B_turf_sprint_1000_1400,2023,evaluation,rel_career_top3_vs_others,career_top3_shrunk,3749,3749,3749,1.0,3194,3194,1.0
B_turf_sprint_1000_1400,2023,evaluation,rel_same_distance_top3_vs_others,same_distance_top3_shrunk,3749,3749,3749,1.0,3194,3194,1.0
B_turf_sprint_1000_1400,2023,evaluation,rel_same_course_top3_vs_others,same_course_top3_shrunk,3749,3749,3749,1.0,3194,3194,1.0
B_turf_sprint_1000_1400,2023,evaluation,rel_recent3_finish_vs_others,recent3_finish_pct_mean,3749,3699,3699,0.98666311016271,3194,3194,1.0
B_turf_sprint_1000_1400,2023,evaluation,rel_recent3_time_vs_others,recent3_relative_time_mean,3749,3699,3699,0.98666311016271,3194,3194,1.0
B_turf_sprint_1000_1400,2024,training,rel_career_top3_vs_others,career_top3_shrunk,48660,48660,48660,1.0,39994,39994,1.0
B_turf_sprint_1000_1400,2024,training,rel_same_distance_top3_vs_others,same_distance_top3_shrunk,48660,48660,48660,1.0,39994,39994,1.0
B_turf_sprint_1000_1400,2024,training,rel_same_course_top3_vs_others,same_course_top3_shrunk,48660,48660,48660,1.0,39994,39994,1.0
B_turf_sprint_1000_1400,2024,training,rel_recent3_finish_vs_others,recent3_finish_pct_mean,48660,47785,47785,0.9820180846691328,39994,39994,1.0
B_turf_sprint_1000_1400,2024,training,rel_recent3_time_vs_others,recent3_relative_time_mean,48660,47785,47785,0.9820180846691328,39994,39994,1.0
B_turf_sprint_1000_1400,2024,evaluation,rel_career_top3_vs_others,career_top3_shrunk,3667,3667,3667,1.0,3119,3119,1.0
B_turf_sprint_1000_1400,2024,evaluation,rel_same_distance_top3_vs_others,same_distance_top3_shrunk,3667,3667,3667,1.0,3119,3119,1.0
B_turf_sprint_1000_1400,2024,evaluation,rel_same_course_top3_vs_others,same_course_top3_shrunk,3667,3667,3667,1.0,3119,3119,1.0
B_turf_sprint_1000_1400,2024,evaluation,rel_recent3_finish_vs_others,recent3_finish_pct_mean,3667,3609,3609,0.9841832560676302,3119,3119,1.0
B_turf_sprint_1000_1400,2024,evaluation,rel_recent3_time_vs_others,recent3_relative_time_mean,3667,3609,3609,0.9841832560676302,3119,3119,1.0
C_turf_global_1000_2600,2023,training,rel_career_top3_vs_others,career_top3_shrunk,132260,132260,132260,1.0,104673,104673,1.0
C_turf_global_1000_2600,2023,training,rel_same_distance_top3_vs_others,same_distance_top3_shrunk,132260,132260,132260,1.0,104673,104673,1.0
C_turf_global_1000_2600,2023,training,rel_same_course_top3_vs_others,same_course_top3_shrunk,132260,132260,132260,1.0,104673,104673,1.0
C_turf_global_1000_2600,2023,training,rel_recent3_finish_vs_others,recent3_finish_pct_mean,132260,129806,129806,0.9814456373809164,104673,104673,1.0
C_turf_global_1000_2600,2023,training,rel_recent3_time_vs_others,recent3_relative_time_mean,132260,129806,129806,0.9814456373809164,104673,104673,1.0
C_turf_global_1000_2600,2023,evaluation,rel_career_top3_vs_others,career_top3_shrunk,3749,3749,3749,1.0,3194,3194,1.0
C_turf_global_1000_2600,2023,evaluation,rel_same_distance_top3_vs_others,same_distance_top3_shrunk,3749,3749,3749,1.0,3194,3194,1.0
C_turf_global_1000_2600,2023,evaluation,rel_same_course_top3_vs_others,same_course_top3_shrunk,3749,3749,3749,1.0,3194,3194,1.0
C_turf_global_1000_2600,2023,evaluation,rel_recent3_finish_vs_others,recent3_finish_pct_mean,3749,3699,3699,0.98666311016271,3194,3194,1.0
C_turf_global_1000_2600,2023,evaluation,rel_recent3_time_vs_others,recent3_relative_time_mean,3749,3699,3699,0.98666311016271,3194,3194,1.0
C_turf_global_1000_2600,2024,training,rel_career_top3_vs_others,career_top3_shrunk,150840,150840,150840,1.0,119366,119366,1.0
C_turf_global_1000_2600,2024,training,rel_same_distance_top3_vs_others,same_distance_top3_shrunk,150840,150840,150840,1.0,119366,119366,1.0
C_turf_global_1000_2600,2024,training,rel_same_course_top3_vs_others,same_course_top3_shrunk,150840,150840,150840,1.0,119366,119366,1.0
C_turf_global_1000_2600,2024,training,rel_recent3_finish_vs_others,recent3_finish_pct_mean,150840,147966,147966,0.9809466984884646,119366,119366,1.0
C_turf_global_1000_2600,2024,training,rel_recent3_time_vs_others,recent3_relative_time_mean,150840,147966,147966,0.9809466984884646,119366,119366,1.0
C_turf_global_1000_2600,2024,evaluation,rel_career_top3_vs_others,career_top3_shrunk,3667,3667,3667,1.0,3119,3119,1.0
C_turf_global_1000_2600,2024,evaluation,rel_same_distance_top3_vs_others,same_distance_top3_shrunk,3667,3667,3667,1.0,3119,3119,1.0
C_turf_global_1000_2600,2024,evaluation,rel_same_course_top3_vs_others,same_course_top3_shrunk,3667,3667,3667,1.0,3119,3119,1.0
C_turf_global_1000_2600,2024,evaluation,rel_recent3_finish_vs_others,recent3_finish_pct_mean,3667,3609,3609,0.9841832560676302,3119,3119,1.0
C_turf_global_1000_2600,2024,evaluation,rel_recent3_time_vs_others,recent3_relative_time_mean,3667,3609,3609,0.9841832560676302,3119,3119,1.0
