distance_m,racecourse,races,eligible_rows,race_dates
1200.0,中京,288,4035,236
1200.0,中山,499,6017,405
1200.0,京都,354,4578,305
1200.0,函館,502,6415,212
1200.0,小倉,968,12594,373
1200.0,新潟,241,3048,207
1200.0,札幌,320,3912,186
1200.0,福島,721,8779,302
1200.0,阪神,298,3570,263
1400.0,中京,358,4622,287
1400.0,京都,433,4599,363
1400.0,新潟,264,3249,233
1400.0,東京,728,8505,549
1400.0,阪神,488,5441,409
1500.0,札幌,213,2026,164
1600.0,中京,392,4320,307
1600.0,中山,791,7926,538
1600.0,京都,641,6029,462
1600.0,新潟,342,3838,284
1600.0,東京,861,8937,591
1600.0,阪神,658,6956,487
1700.0,小倉,18,197,17
1700.0,福島,5,44,5
1800.0,中京,5,11,5
1800.0,中山,475,4575,366
1800.0,京都,479,4268,392
1800.0,函館,262,3008,191
1800.0,小倉,535,5975,346
1800.0,新潟,397,4620,316
1800.0,札幌,206,1935,164
1800.0,東京,728,7070,544
1800.0,福島,359,4266,264
1800.0,阪神,550,5231,422
2000.0,中京,533,5811,372
2000.0,中山,615,5896,470
2000.0,京都,450,3852,375
2000.0,函館,241,2811,194
2000.0,小倉,548,6270,360
2000.0,新潟,387,4542,311
2000.0,札幌,275,3523,192
2000.0,東京,544,5025,426
2000.0,福島,371,4409,270
2000.0,阪神,495,4468,406
2200.0,中京,260,2996,238
2200.0,中山,241,2676,225
2200.0,京都,199,2166,184
2200.0,新潟,157,1937,154
2200.0,阪神,159,1731,145
2300.0,東京,30,279,30
2400.0,京都,197,2129,193
2400.0,新潟,104,1287,103
2400.0,東京,417,4813,360
2400.0,阪神,226,2351,223
2500.0,中京,2,9,2
2500.0,中山,155,1909,139
2500.0,東京,34,547,34
2600.0,函館,109,1230,109
2600.0,小倉,141,1794,139
2600.0,札幌,118,1448,115
2600.0,福島,174,2203,171
2600.0,阪神,25,307,25
