race_date,race_id,racecourse,distance_m,horse_id,horse_no
2019-08-11,201904020612,新潟,1255.0,2016106348,1
2019-08-11,201904020612,新潟,1255.0,2013102098,2
2019-08-11,201904020612,新潟,1255.0,2013103430,3
2019-08-11,201904020612,新潟,1255.0,2015103361,4
2019-08-11,201904020612,新潟,1255.0,2015101833,5
2019-08-11,201904020612,新潟,1255.0,2015102949,6
2019-08-11,201904020612,新潟,1255.0,2016102702,7
2019-08-11,201904020612,新潟,1255.0,2014105398,8
2019-08-11,201904020612,新潟,1255.0,2013103081,9
2019-08-11,201904020612,新潟,1255.0,2016105689,10
2019-08-11,201904020612,新潟,1255.0,2015105510,11
2019-08-11,201904020612,新潟,1255.0,2015103879,12
2019-08-11,201904020612,新潟,1255.0,2015104214,13
2019-08-11,201904020612,新潟,1255.0,2014104830,14
2019-08-11,201904020612,新潟,1255.0,2015105725,15
2019-08-11,201904020612,新潟,1255.0,2014100549,17
2019-08-11,201904020612,新潟,1255.0,2014104301,18
2021-08-15,202104040204,新潟,1816.0,2018103445,2
2021-08-15,202104040204,新潟,1816.0,2018102691,3
2021-08-15,202104040204,新潟,1816.0,2018102324,4
2021-08-15,202104040204,新潟,1816.0,2018101310,5
2021-08-15,202104040204,新潟,1816.0,2018104500,6
2021-08-15,202104040204,新潟,1816.0,2018100054,7
2021-08-15,202104040204,新潟,1816.0,2018102801,8
2021-08-15,202104040204,新潟,1816.0,2018102851,9
2021-08-15,202104040204,新潟,1816.0,2018105969,10
2021-08-15,202104040204,新潟,1816.0,2018106059,11
2021-08-15,202104040204,新潟,1816.0,2018106159,13
2021-08-15,202104040204,新潟,1816.0,2018100376,14
2021-08-15,202104040204,新潟,1816.0,2018100158,16
2021-08-15,202104040204,新潟,1816.0,2018101825,17
2021-10-23,202104050506,新潟,1515.0,2019104333,2
2021-10-23,202104050506,新潟,1515.0,2019102648,3
2021-10-23,202104050506,新潟,1515.0,2019104154,5
2021-10-23,202104050506,新潟,1515.0,2019106862,6
2021-10-23,202104050506,新潟,1515.0,2019100739,7
2021-10-23,202104050506,新潟,1515.0,2019104146,8
2021-10-23,202104050506,新潟,1515.0,2019102695,10
2021-10-23,202104050506,新潟,1515.0,2019101313,11
2021-10-23,202104050506,新潟,1515.0,2019104150,13
2021-10-23,202104050506,新潟,1515.0,2019100313,14
2021-10-23,202104050506,新潟,1515.0,2019107044,15
2022-10-29,202204040507,新潟,1816.0,2018102296,1
2022-10-29,202204040507,新潟,1816.0,2019102084,2
2022-10-29,202204040507,新潟,1816.0,2017102157,3
2022-10-29,202204040507,新潟,1816.0,2017103323,4
2022-10-29,202204040507,新潟,1816.0,2019105964,5
2022-10-29,202204040507,新潟,1816.0,2018100729,6
2022-10-29,202204040507,新潟,1816.0,2018102069,7
2022-10-29,202204040507,新潟,1816.0,2017106172,8
2022-10-29,202204040507,新潟,1816.0,2018106443,9
2022-10-29,202204040507,新潟,1816.0,2018103262,10
2022-10-29,202204040507,新潟,1816.0,2016101650,11
2022-10-29,202204040507,新潟,1816.0,2018106601,12
2022-10-29,202204040507,新潟,1816.0,2018103488,13
2022-10-29,202204040507,新潟,1816.0,2018102580,14
2022-10-29,202204040507,新潟,1816.0,2019101797,15
2022-10-29,202204040507,新潟,1816.0,2017101991,16
2022-10-29,202204040507,新潟,1816.0,2017100416,17
2022-10-29,202204040507,新潟,1816.0,2019106305,18
2023-08-27,202304030603,新潟,1256.0,2021106476,2
2023-08-27,202304030603,新潟,1256.0,2021107215,8
2023-10-15,202304040207,新潟,1611.0,2019101428,1
2023-10-15,202304040207,新潟,1611.0,2020100295,2
2023-10-15,202304040207,新潟,1611.0,2018102477,3
2023-10-15,202304040207,新潟,1611.0,2019106598,4
2023-10-15,202304040207,新潟,1611.0,2018102580,5
2023-10-15,202304040207,新潟,1611.0,2020100343,6
2023-10-15,202304040207,新潟,1611.0,2019100197,7
2023-10-15,202304040207,新潟,1611.0,2018104872,8
2023-10-15,202304040207,新潟,1611.0,2019106637,9
2023-10-15,202304040207,新潟,1611.0,2019102009,10
2023-10-15,202304040207,新潟,1611.0,2019106707,11
2023-10-15,202304040207,新潟,1611.0,2019103200,12
2023-10-15,202304040207,新潟,1611.0,2019100937,13
2023-10-15,202304040207,新潟,1611.0,2020105895,14
2023-10-15,202304040207,新潟,1611.0,2018100107,15
2023-10-15,202304040207,新潟,1611.0,2019102303,16
2023-10-15,202304040207,新潟,1611.0,2020103614,17
2023-10-15,202304040207,新潟,1611.0,2016101650,18
2024-07-27,202404020111,新潟,1655.0,2021103338,1
2024-07-27,202404020111,新潟,1655.0,2019101273,2
2024-07-27,202404020111,新潟,1655.0,2020100632,3
2024-07-27,202404020111,新潟,1655.0,2021100782,4
2024-07-27,202404020111,新潟,1655.0,2021103894,5
2024-07-27,202404020111,新潟,1655.0,2021103343,6
2024-07-27,202404020111,新潟,1655.0,2018100593,7
2024-07-27,202404020111,新潟,1655.0,2019110124,8
2024-07-27,202404020111,新潟,1655.0,2020104250,9
2024-07-27,202404020111,新潟,1655.0,2018109046,10
2024-07-27,202404020111,新潟,1655.0,2018103766,11
2024-07-27,202404020111,新潟,1655.0,2021107068,12
2024-07-27,202404020111,新潟,1655.0,2020101265,13
2024-07-27,202404020111,新潟,1655.0,2020100997,14
2024-07-27,202404020111,新潟,1655.0,2019100937,15
2024-07-27,202404020111,新潟,1655.0,2020103999,17
2024-07-27,202404020111,新潟,1655.0,2021106655,18
2024-08-10,202404030107,新潟,1255.0,2021106617,1
2024-08-10,202404030107,新潟,1255.0,2021100215,5
2024-08-10,202404030107,新潟,1255.0,2021104528,6
2024-08-10,202404030107,新潟,1255.0,2021106316,8
2024-08-10,202404030107,新潟,1255.0,2021101986,10
2024-08-10,202404030107,新潟,1255.0,2021107312,11
2024-08-10,202404030107,新潟,1255.0,2021100743,12
2024-08-10,202404030107,新潟,1255.0,2021101828,13
2024-08-10,202404030107,新潟,1255.0,2021102288,14
2024-08-10,202404030107,新潟,1255.0,2021106488,15
2024-08-10,202404030107,新潟,1255.0,2021106879,17
2024-08-10,202404030107,新潟,1255.0,2021102277,18
2024-10-05,202404040112,新潟,1055.0,2021100782,1
2024-10-05,202404040112,新潟,1055.0,2021100335,2
2024-10-05,202404040112,新潟,1055.0,2019103517,3
2024-10-05,202404040112,新潟,1055.0,2020106914,4
2024-10-05,202404040112,新潟,1055.0,2019102510,5
2024-10-05,202404040112,新潟,1055.0,2021103338,6
2024-10-05,202404040112,新潟,1055.0,2020104780,7
2024-10-05,202404040112,新潟,1055.0,2020101319,8
2024-10-05,202404040112,新潟,1055.0,2020106585,9
2024-10-05,202404040112,新潟,1055.0,2021106692,10
2024-10-05,202404040112,新潟,1055.0,2021102755,11
2024-10-05,202404040112,新潟,1055.0,2020103593,12
2024-10-05,202404040112,新潟,1055.0,2020102537,13
2024-10-05,202404040112,新潟,1055.0,2019106637,14
2024-10-05,202404040112,新潟,1055.0,2018103063,16
2024-10-05,202404040112,新潟,1055.0,2021109123,17
2024-10-05,202404040112,新潟,1055.0,2018100094,18
2024-10-20,202404040608,新潟,1455.0,2019102510,1
2024-10-20,202404040608,新潟,1455.0,2021107068,2
2024-10-20,202404040608,新潟,1455.0,2020103261,3
2024-10-20,202404040608,新潟,1455.0,2019104374,4
2024-10-20,202404040608,新潟,1455.0,2021103338,5
2024-10-20,202404040608,新潟,1455.0,2020103608,6
2024-10-20,202404040608,新潟,1455.0,2021104896,7
2024-10-20,202404040608,新潟,1455.0,2021104920,8
2024-10-20,202404040608,新潟,1455.0,2020103614,9
2024-10-20,202404040608,新潟,1455.0,2018100094,10
2024-10-20,202404040608,新潟,1455.0,2021103289,11
2024-10-20,202404040608,新潟,1455.0,2020102208,12
2024-10-20,202404040608,新潟,1455.0,2018101951,13
2024-10-20,202404040608,新潟,1455.0,2020100997,14
2024-10-20,202404040608,新潟,1455.0,2021106994,15
2024-10-20,202404040608,新潟,1455.0,2020102640,16
2024-10-20,202404040608,新潟,1455.0,2019100677,18
