feature,rows,missing_rows,missing_rate
race_class,239015,472,0.0019747714578582935
age,239015,0,0.0
assigned_weight_delta_from_prev_kg,239015,0,0.0
assigned_weight_kg,239015,0,0.0
career_starts,239015,0,0.0
career_top3,239015,0,0.0
days_since_prev,239015,0,0.0
distance_change_from_prev_m,239015,0,0.0
distance_m,239015,0,0.0
draw_pct,239015,0,0.0
field_size,239015,0,0.0
front_forward_share,239015,0,0.0
race_id,239015,0,0.0
racecourse,239015,0,0.0
recent3_finish_pct_mean,239015,0,0.0
recent3_graded_count,239015,0,0.0
recent3_open_plus_count,239015,0,0.0
recent3_relative_time_mean,239015,0,0.0
recent3_top3_count,239015,0,0.0
recent4_early_pos_pct_mean,239015,0,0.0
same_course_starts,239015,0,0.0
same_course_top3,239015,0,0.0
same_distance_starts,239015,0,0.0
same_distance_top3,239015,0,0.0
sex,239015,0,0.0
surface_changed_from_prev,239015,0,0.0
top3_label,239015,0,0.0
turf_starts,239015,0,0.0
turf_top3,239015,0,0.0
